Date,Closing Price,Open,Daily High,Daily Low
1/2/2012,1826.37,1831.69,1837.81,1814.55
1/3/2012,1875.41,1846.56,1875.41,1846.56
1/4/2012,1866.22,1883.48,1884.69,1866.22
1/5/2012,1863.74,1869.42,1875.97,1860.57
1/6/2012,1843.14,1867.12,1867.12,1824.29
1/9/2012,1826.49,1832.04,1832.04,1810.48
1/10/2012,1853.22,1841.13,1859.55,1840.47
1/11/2012,1845.55,1857.54,1857.82,1843.12
1/12/2012,1864.57,1853.1,1864.57,1837.96
1/13/2012,1875.68,1865.72,1881.84,1861.53
1/16/2012,1859.27,1860.77,1863.32,1843.86
1/17/2012,1892.74,1878.16,1892.76,1878.16
1/18/2012,1892.39,1891.17,1898.7,1884.33
1/19/2012,1914.97,1912.43,1914.98,1902.02
1/20/2012,1949.89,1922.13,1952.09,1922.13
1/25/2012,1952.23,1947.74,1973.35,1945.14
1/26/2012,1957.18,1959.19,1962.71,1949.51
1/27/2012,1964.83,1960.7,1966.2,1949.46
1/30/2012,1940.55,1956.63,1961.6,1936.14
1/31/2012,1955.79,1943.25,1960.44,1936.68
2/1/2012,1959.24,1948.57,1969.8,1947.46
2/2/2012,1984.3,1982.23,1993.88,1977.32
2/3/2012,1972.34,1982.24,1982.62,1961.95
2/6/2012,1973.13,1994.21,1996.05,1964.77
2/7/2012,1981.59,1976.77,1983.82,1971.33
2/8/2012,2003.73,1985.21,2003.73,1982.99
2/9/2012,2014.62,1998.2,2014.62,1978.51
2/10/2012,1993.71,2010.04,2011.52,1986.96
2/13/2012,2005.74,2000.66,2010.66,1991.28
2/14/2012,2002.64,1999.53,2008.65,1995.6
2/15/2012,2025.32,2012,2026.75,2009.68
2/16/2012,1997.45,2005.37,2012.44,1995.99
2/17/2012,2023.47,2025.56,2031.4,2019.79
2/20/2012,2024.9,2041.51,2047.43,2024.59
2/21/2012,2024.24,2022.05,2030.46,2007.46
2/22/2012,2028.65,2018.07,2028.93,2015.3
2/23/2012,2007.8,2016.46,2016.46,2001.25
2/24/2012,2019.89,2010.6,2019.9,1998.39
2/27/2012,1991.16,2013.61,2013.69,1987.74
2/28/2012,2003.69,1995.93,2006.26,1992.66
2/29/2012,2030.25,2015.38,2033.63,2015.38
3/2/2012,2034.63,2041.52,2046.82,2033.5
3/5/2012,2016.06,2028.97,2030.57,2011.5
3/6/2012,2000.36,2019.28,2023.83,1988.86
3/7/2012,1982.15,1968.72,1987.97,1966.69
3/8/2012,2000.76,1989.3,2004.72,1978.79
3/9/2012,2018.3,2017.67,2022.95,2001.67
3/12/2012,2002.5,2018.73,2019.14,2001.5
3/13/2012,2025.04,2012.91,2028.98,2012.91
3/14/2012,2045.08,2050.5,2057.28,2045.08
3/15/2012,2043.76,2044.01,2050.48,2038.6
3/16/2012,2034.44,2054.63,2054.99,2034.21
3/19/2012,2047,2040.07,2050.87,2036.35
3/20/2012,2042.15,2046.38,2055.34,2035.26
3/21/2012,2027.23,2031.58,2039.8,2022.97
3/22/2012,2026.12,2026.75,2031.42,2017.93
3/23/2012,2026.83,2015.07,2029.77,2013.72
3/26/2012,2019.19,2035.17,2041.05,2012.86
3/27/2012,2039.76,2042.47,2043.75,2028.39
3/28/2012,2031.74,2034.35,2038.45,2028.11
3/29/2012,2014.41,2019.41,2025.23,2004.94
3/30/2012,2014.04,2011.5,2018.09,2002.61
4/2/2012,2029.29,2022.42,2031.79,2015.72
4/3/2012,2049.28,2040.81,2051.8,2038.52
4/4/2012,2018.61,2046.9,2048.11,2015.57
4/5/2012,2028.77,2006.27,2030.69,1997.12
4/6/2012,2029.03,2026.32,2033.49,2022.81
4/9/2012,1997.08,2008.03,2009.36,1995.8
4/10/2012,1994.41,2000.77,2011.27,1990.13
4/12/2012,1986.63,1985.16,1986.63,1969.09
4/13/2012,2008.91,2001.71,2011.37,1996.23
4/16/2012,1992.63,1985.28,1998.35,1982.93
4/17/2012,1985.3,1995.33,1999.5,1982.44
4/18/2012,2004.53,2014.23,2014.95,2001.59
4/19/2012,1999.86,2000.4,2008.82,1994.61
4/20/2012,1974.65,1988.22,1988.22,1970.54
4/23/2012,1972.63,1971.39,1980.94,1964.12
4/24/2012,1963.42,1956.75,1972.24,1954.01
4/25/2012,1961.98,1980.51,1980.51,1961.97
4/26/2012,1964.04,1976.82,1979.43,1955.05
4/27/2012,1975.35,1972.05,1983.26,1967.84
4/30/2012,1981.99,1989.52,1991.12,1975.46
5/2/2012,1999.07,1994.17,2001.11,1989.55
5/3/2012,1995.11,1995.78,1998.9,1990.45
5/4/2012,1989.15,1987.03,1992.1,1981.58
5/7/2012,1956.44,1956.06,1960.51,1952.42
5/8/2012,1967.01,1967.28,1969.64,1961.44
5/9/2012,1950.29,1958.31,1962.04,1945.31
5/10/2012,1944.93,1944.8,1951.51,1937.14
5/11/2012,1917.13,1939,1939,1915.69
5/14/2012,1913.73,1917.26,1921.65,1900.43
5/15/2012,1898.96,1897.74,1904.99,1881.8
5/16/2012,1840.53,1886.69,1889.29,1840.23
5/17/2012,1845.24,1842.83,1856.34,1833.08
5/18/2012,1782.46,1813.79,1813.79,1779.47
5/21/2012,1799.13,1801.48,1804.48,1788.33
5/22/2012,1828.69,1825.82,1831.06,1813.53
5/23/2012,1808.62,1815.33,1815.33,1796.5
5/24/2012,1814.47,1807.07,1816.98,1800.74
5/25/2012,1824.17,1818.62,1831.78,1815.54
5/29/2012,1849.91,1821.63,1851.94,1817.9
5/30/2012,1844.86,1846.12,1846.6,1828.83
5/31/2012,1843.47,1819.99,1843.49,1813.01
6/1/2012,1834.51,1832.08,1842,1821.98
6/4/2012,1783.13,1782.58,1794.02,1776.85
6/5/2012,1801.85,1799.88,1806.11,1791.84
6/7/2012,1847.95,1839.49,1853.2,1839.49
6/8/2012,1835.64,1854,1854.59,1832.83
6/11/2012,1867.04,1860.9,1869.33,1859.74
6/12/2012,1854.74,1840.56,1857.93,1840.1
6/13/2012,1859.32,1867.45,1867.45,1849.71
6/14/2012,1871.48,1856.57,1871.48,1855.06
6/15/2012,1858.16,1871.48,1871.48,1847.19
6/18/2012,1891.71,1892.91,1901.11,1887.05
6/19/2012,1891.77,1885.56,1895.32,1883.56
6/20/2012,1904.12,1908.19,1908.19,1895.27
6/21/2012,1889.15,1895.51,1900.44,1879.65
6/22/2012,1847.39,1861.44,1863.57,1843.57
6/25/2012,1825.38,1842.76,1842.76,1813.41
6/26/2012,1817.81,1818.51,1826.66,1814.46
6/27/2012,1817.65,1815.7,1821.47,1795.16
6/28/2012,1819.18,1826.37,1827.35,1806.08
6/29/2012,1854.01,1808.61,1854.01,1801.63
7/2/2012,1851.65,1864.73,1865.93,1851.28
7/3/2012,1867.82,1858.7,1871.08,1858.44
7/4/2012,1874.45,1875.52,1881.68,1871.84
7/5/2012,1875.49,1870.53,1878.13,1866.91
7/6/2012,1858.2,1877.74,1880.36,1850.1
7/9/2012,1836.13,1840.3,1844.32,1833.11
7/10/2012,1829.45,1843.77,1845.94,1823.79
7/11/2012,1826.39,1825.53,1827.6,1813.79
7/12/2012,1785.39,1827.82,1830.77,1785.32
7/13/2012,1812.89,1790.98,1820.66,1773.67
7/16/2012,1817.79,1820.34,1821.84,1807.11
7/17/2012,1821.96,1808.63,1835.64,1802.07
7/18/2012,1794.91,1821.28,1827.95,1790.36
7/19/2012,1822.96,1820.84,1830.09,1815.71
7/20/2012,1822.93,1823.95,1830.26,1818.84
7/23/2012,1789.44,1799.24,1799.24,1780.01
7/24/2012,1793.93,1784.47,1796.02,1781.6
7/25/2012,1769.31,1760.22,1785.84,1758.99
7/26/2012,1782.47,1778.01,1787.2,1766.81
7/27/2012,1829.16,1812.98,1829.16,1805.92
7/30/2012,1843.79,1847.01,1850.27,1841.4
7/31/2012,1881.99,1845.46,1896.83,1842.51
8/1/2012,1879.93,1870.58,1886.32,1867.28
8/2/2012,1869.4,1883.68,1885.89,1864.86
8/3/2012,1848.68,1846.58,1864.13,1843.87
8/6/2012,1885.88,1883.62,1894.92,1881.86
8/7/2012,1886.8,1883.82,1891.6,1881.66
8/8/2012,1903.23,1896.58,1919.61,1896.56
8/9/2012,1940.59,1907.13,1947.08,1907.13
8/10/2012,1946.4,1937.89,1948.05,1933.93
8/13/2012,1932.44,1945.33,1946.2,1932.4
8/14/2012,1956.96,1942.61,1957.15,1939.45
8/16/2012,1957.91,1956.35,1959.92,1947.26
8/17/2012,1946.54,1964.07,1964.07,1941.79
8/20/2012,1946.31,1944.67,1949.89,1938.25
8/21/2012,1943.22,1954.51,1961.07,1942.61
8/22/2012,1935.19,1939.6,1947.43,1917.48
8/23/2012,1942.54,1934.56,1942.97,1924.5
8/24/2012,1919.81,1921.08,1927.1,1913.75
8/27/2012,1917.87,1909.02,1925.15,1907.5
8/28/2012,1916.33,1922.02,1925.7,1910.58
8/29/2012,1928.54,1920.49,1931,1914.82
8/30/2012,1906.38,1922.82,1922.82,1897.07
8/31/2012,1905.12,1897.16,1912.24,1896.84
9/3/2012,1912.71,1909.06,1921.84,1885.03
9/4/2012,1907.13,1911.47,1916.16,1906.22
9/5/2012,1874.03,1894.7,1894.7,1874.03
9/6/2012,1881.24,1881.54,1888.18,1873.49
9/7/2012,1929.58,1918.36,1929.58,1915.56
9/10/2012,1924.7,1934.63,1937.85,1924.7
9/11/2012,1920,1920.46,1923.09,1912.47
9/12/2012,1950.03,1931.44,1953.03,1927.75
9/13/2012,1950.69,1948.27,1955.03,1938.74
9/14/2012,2007.58,1994.42,2008.97,1991.13
9/17/2012,2002.35,2005.54,2011.5,1997.79
9/18/2012,2004.96,1998.3,2005.73,1995.83
9/19/2012,2007.88,2000.2,2012.74,1993.91
9/20/2012,1990.33,1997.65,2004.54,1987.94
9/21/2012,2002.37,2000.05,2005.11,1991.56
9/24/2012,2003.44,1996.42,2005.45,1977.7
9/25/2012,1991.41,1994.08,2004.26,1988.88
9/26/2012,1980.44,1973.11,1986.28,1968.85
9/27/2012,1988.7,1969.65,1991.26,1969.6
9/28/2012,1996.21,2000.01,2000.01,1988.41
10/2/2012,1996.03,1998.52,2003.63,1995.12
10/4/2012,1992.68,1998.73,1998.99,1983.03
10/5/2012,1995.17,2004.62,2007.84,1991.21
10/8/2012,1981.89,1994.05,1994.05,1979.24
10/9/2012,1979.04,1982.09,1992.32,1979
10/10/2012,1948.22,1961.9,1962.72,1948.22
10/11/2012,1933.09,1934.49,1949.74,1919.82
10/12/2012,1933.26,1937.85,1940.32,1927.39
10/15/2012,1925.59,1927.82,1937.15,1921.32
10/16/2012,1941.54,1942.51,1944.22,1931.09
10/17/2012,1955.15,1955.78,1965.53,1949.71
10/18/2012,1959.12,1960.39,1963.53,1954.1
10/19/2012,1943.84,1954.33,1958.64,1938.96
10/22/2012,1941.59,1910.98,1942.64,1910.23
10/23/2012,1926.81,1943.79,1944.38,1926.81
10/24/2012,1913.96,1907.16,1922.02,1901.62
10/25/2012,1924.5,1906.91,1924.51,1904.95
10/26/2012,1891.43,1917.64,1921.25,1890.15
10/29/2012,1891.52,1901.83,1905.22,1884.77
10/30/2012,1899.58,1894.05,1913.52,1893.75
10/31/2012,1912.06,1912.83,1918.4,1909.08
11/1/2012,1898.44,1903.57,1904.99,1887.56
11/2/2012,1918.72,1920.55,1921.98,1915.11
11/5/2012,1908.22,1905.46,1914.38,1903.32
11/6/2012,1928.17,1911.83,1928.17,1908.49
11/7/2012,1937.55,1933.79,1937.55,1916.81
11/8/2012,1914.41,1912.64,1918.69,1905.62
11/9/2012,1904.41,1893.09,1907.57,1879.06
11/12/2012,1900.87,1899.3,1903.81,1892.68
11/13/2012,1889.7,1904.19,1904.97,1881.85
11/14/2012,1894.04,1891.45,1895.48,1880.61
11/15/2012,1870.72,1870.29,1875.49,1859.79
11/16/2012,1860.83,1865.81,1872.69,1856.81
11/19/2012,1878.1,1869.76,1884.11,1869.23
11/20/2012,1890.18,1896.58,1897.56,1886.34
11/21/2012,1884.04,1895.72,1899.6,1878.25
11/22/2012,1899.5,1894.66,1903.27,1893.18
11/23/2012,1911.33,1901.73,1911.33,1894.58
11/26/2012,1908.51,1918.01,1918.11,1905.95
11/27/2012,1925.2,1917.14,1930.24,1913.97
11/28/2012,1912.78,1916.31,1916.76,1906.2
11/29/2012,1934.85,1922.86,1935.1,1922.51
11/30/2012,1932.9,1932.71,1941.84,1927.98
12/3/2012,1940.02,1937.28,1944.75,1933.67
12/4/2012,1935.18,1932.66,1938.28,1928.09
12/5/2012,1947.04,1933.45,1949.7,1930.15
12/6/2012,1949.62,1948.55,1955.07,1946.03
12/7/2012,1957.45,1953.17,1963.06,1952.83
12/10/2012,1957.42,1965.71,1970.19,1955.39
12/11/2012,1964.62,1962.52,1965.68,1956.75
12/12/2012,1975.44,1972.33,1975.44,1966.91
12/13/2012,2002.77,1976.18,2002.78,1976.18
12/14/2012,1995.04,1989.42,1999.65,1985.19
12/17/2012,1983.07,1993.18,1999.38,1981.13
12/18/2012,1993.09,1990.72,1993.09,1979.22
12/20/2012,1999.5,2002.11,2006.08,1991.81
12/21/2012,1980.42,2004.61,2004.67,1976.09
12/24/2012,1981.82,1984.18,1985.49,1980.55
12/26/2012,1982.25,1992.1,2000.92,1982.25
12/27/2012,1987.35,1979.46,1987.91,1971.53
12/28/2012,1997.05,1984.84,2002.67,1984.84
1/2/2013,2031.1,2013.74,2033.66,2012.3
1/3/2013,2019.41,2041.24,2042.48,2018.49
1/4/2013,2011.94,2017.88,2018.63,2001.53
1/7/2013,2011.25,2012.15,2014,1996.47
1/8/2013,1997.94,2003.22,2009.99,1997.91
1/9/2013,1991.81,2001.98,2007.72,1989.48
1/10/2013,2006.8,1993.87,2008.47,1988.04
1/11/2013,1996.67,2017.38,2017.92,1984.16
1/14/2013,2007.04,1993.82,2007.04,1989.24
1/15/2013,1983.74,2006.89,2016.37,1983.74
1/16/2013,1977.45,1988.44,1996.46,1970.01
1/17/2013,1974.27,1983.67,1986.34,1964.62
1/18/2013,1987.85,1987.65,1988.47,1976.72
1/21/2013,1986.86,1987.96,1991.98,1972.64
1/22/2013,1996.52,1986.58,1999.35,1981.88
1/23/2013,1980.41,2003.37,2008.06,1980.41
1/24/2013,1964.48,1970.85,1980.03,1960.75
1/25/2013,1946.69,1966.4,1966.83,1934.89
1/28/2013,1939.71,1940.33,1943.49,1930.37
1/29/2013,1955.96,1946.11,1958.88,1944.81
1/30/2013,1964.43,1961.92,1967.29,1950.67
1/31/2013,1961.94,1960.78,1965.92,1954.53
2/1/2013,1957.79,1964.75,1966.54,1942.44
2/4/2013,1953.21,1968.95,1969.13,1952.83
2/5/2013,1938.18,1936.92,1944,1928.75
2/6/2013,1936.19,1943.33,1944.44,1935.44
2/7/2013,1931.77,1939.42,1946.67,1931.1
2/8/2013,1950.9,1930,1955.86,1929.81
2/12/2013,1945.79,1958.46,1958.65,1943.63
2/13/2013,1976.07,1952.86,1976.07,1950.58
2/14/2013,1979.61,1977.42,1986.14,1972.8
2/15/2013,1981.18,1981.06,1982.76,1976.12
2/18/2013,1981.91,1979.42,1985.41,1973.65
2/19/2013,1985.83,1981.96,1990.09,1979.85
2/20/2013,2024.64,1997.04,2024.64,1995.31
2/21/2013,2015.22,2014.5,2021.24,2010.91
2/22/2013,2018.89,2007.34,2029.44,2006.59
2/25/2013,2009.52,2022.51,2022.77,2008.78
2/26/2013,2000.01,1993.12,2005.86,1991.96
2/27/2013,2004.04,2008.94,2014.96,1999.65
2/28/2013,2026.49,2019.05,2030.85,2016.15
3/4/2013,2013.15,2028.55,2029.32,2011.09
3/5/2013,2016.61,2022.41,2031.65,2016.6
3/6/2013,2020.74,2033.17,2033.89,2016.65
3/7/2013,2004.4,2018.63,2018.63,1998.29
3/8/2013,2006.01,2001.97,2007.37,1994.25
3/11/2013,2003.35,2000.57,2006.3,1982.38
3/12/2013,1993.34,2006.84,2007.44,1990.17
3/13/2013,1999.73,1994.79,1999.73,1988.19
3/14/2013,2002.13,2000.07,2002.13,1978.57
3/15/2013,1986.5,2009.71,2009.71,1985.91
3/18/2013,1968.18,1974.71,1982.92,1968.18
3/19/2013,1978.56,1978.41,1989.46,1973.23
3/20/2013,1959.41,1969.19,1978.17,1959.4
3/21/2013,1950.82,1969.3,1973.26,1950.82
3/22/2013,1948.71,1949.03,1956.33,1946.05
3/25/2013,1977.67,1968.85,1981.75,1968.14
3/26/2013,1983.7,1976.81,1990.23,1975.6
3/27/2013,1993.44,1991.91,1996.56,1973.72
3/28/2013,1993.52,1989.7,1995.31,1985.45
3/29/2013,2004.89,2007.12,2013.21,2003.96
4/1/2013,1995.99,2009.94,2010.15,1994.54
4/2/2013,1986.15,1996.81,2001.78,1973.27
4/3/2013,1983.22,1990.71,1992.4,1972.02
4/4/2013,1959.45,1963.39,1965.19,1938.89
4/5/2013,1927.23,1948.33,1952.1,1916.77
4/8/2013,1918.69,1927.04,1933.05,1918.69
4/9/2013,1920.74,1918.13,1934.74,1901.96
4/10/2013,1935.58,1933.73,1939.19,1923.43
4/11/2013,1949.8,1944.53,1949.8,1926.54
4/12/2013,1924.23,1954.22,1956.21,1919.9
4/15/2013,1920.45,1916.06,1927.72,1907.35
4/16/2013,1922.21,1900.18,1926.65,1896.69
4/17/2013,1923.84,1934.61,1934.82,1910.78
4/18/2013,1900.06,1916.55,1919.53,1900.05
4/19/2013,1906.75,1899.35,1910.24,1888.3
4/22/2013,1926.31,1903.97,1926.31,1901.98
4/23/2013,1918.63,1924.43,1924.79,1908.77
4/24/2013,1935.31,1931.06,1939.35,1921.03
4/25/2013,1951.6,1937.88,1951.66,1935.81
4/26/2013,1944.56,1949.92,1951.86,1942.37
4/29/2013,1940.7,1948.87,1948.97,1934.68
4/30/2013,1963.95,1947.07,1967.06,1946.99
5/2/2013,1957.21,1961.67,1966.68,1954.28
5/3/2013,1965.71,1967.88,1968.04,1953.4
5/6/2013,1961.48,1977.44,1983.64,1960.14
5/7/2013,1954.35,1962.28,1962.87,1951.27
5/8/2013,1956.45,1961.73,1964.08,1952.38
5/9/2013,1979.45,1963.61,1982.32,1961.5
5/10/2013,1944.75,1975.48,1975.48,1944.75
5/13/2013,1948.7,1936.86,1948.7,1935.57
5/14/2013,1968.83,1954.39,1972.5,1954.13
5/15/2013,1971.26,1971.96,1972.44,1963.52
5/16/2013,1986.81,1980.03,1991.98,1980.03
5/20/2013,1982.43,1990.36,1991.27,1982.43
5/21/2013,1981.09,1994.02,1995.1,1976.17
5/22/2013,1993.83,1991.76,1998.7,1987.23
5/23/2013,1969.19,1985.91,1991.35,1969.19
5/24/2013,1973.45,1979.35,1979.93,1961.59
5/27/2013,1979.97,1974.59,1984.13,1971.53
5/28/2013,1986.22,1983.58,1991.2,1978.89
5/29/2013,2001.2,1993.69,2009.43,1992.68
5/30/2013,2000.1,1999.83,2008.23,1997.84
5/31/2013,2001.05,2009.25,2013.29,2000.82
6/3/2013,1989.57,1993.11,2000.56,1989.51
6/4/2013,1989.51,1998.38,1999.73,1979.42
6/5/2013,1959.19,1988.94,1989.29,1959.19
6/7/2013,1923.85,1953.83,1954.82,1923.84
6/10/2013,1932.7,1927.19,1934.92,1923.59
6/11/2013,1920.68,1933.1,1933.34,1910.05
6/12/2013,1909.91,1913.6,1921.54,1907.29
6/13/2013,1882.73,1905.1,1911.04,1881.24
6/14/2013,1889.24,1895.77,1896.6,1881.5
6/17/2013,1883.1,1889.45,1897.7,1878.4
6/18/2013,1900.62,1887.72,1900.63,1872.7
6/19/2013,1888.31,1899.5,1899.5,1883.41
6/20/2013,1850.49,1864.37,1873.18,1844.41
6/21/2013,1822.83,1806.4,1823.99,1806.02
6/24/2013,1799.01,1821.22,1821.22,1798.98
6/25/2013,1780.63,1790.33,1807.62,1770.53
6/26/2013,1783.45,1799.74,1799.74,1772.49
6/27/2013,1834.7,1809.55,1839.52,1809.4
6/28/2013,1863.32,1844.6,1864.09,1844.6
7/1/2013,1855.73,1851.57,1866.63,1850.03
7/2/2013,1855.02,1861.26,1867.18,1850.29
7/3/2013,1824.66,1854.29,1860.46,1823.1
7/4/2013,1839.14,1830.49,1840.38,1825.62
7/5/2013,1833.31,1848.97,1857.39,1828.75
7/8/2013,1816.85,1830.81,1840.57,1809.72
7/9/2013,1830.35,1828.63,1831.35,1815.03
7/10/2013,1824.16,1835.94,1836.91,1818.94
7/11/2013,1877.6,1840.34,1877.6,1840.34
7/12/2013,1869.98,1873.66,1873.66,1863.4
7/15/2013,1875.16,1870.26,1877.46,1847.82
7/16/2013,1866.36,1875.53,1875.68,1860.37
7/17/2013,1887.49,1871.29,1894.7,1856.55
7/18/2013,1875.48,1883.07,1885.01,1870.78
7/19/2013,1871.41,1880.44,1881.4,1861.43
7/22/2013,1880.35,1880.81,1894.41,1873.17
7/23/2013,1904.15,1890.55,1904.15,1885.57
7/24/2013,1912.08,1904.07,1914.41,1901.15
7/25/2013,1909.61,1906.57,1913.91,1904.44
7/26/2013,1910.81,1912.05,1915.97,1902.47
7/29/2013,1899.89,1908.66,1912.57,1899.02
7/30/2013,1917.05,1901.88,1917.11,1900.54
7/31/2013,1914.03,1915.47,1920.6,1910.82
8/1/2013,1920.74,1916.56,1925.32,1906.74
8/2/2013,1923.38,1936.26,1939.28,1920.98
8/5/2013,1916.22,1920.83,1925.6,1915.69
8/6/2013,1906.62,1914.06,1914.06,1895.87
8/7/2013,1878.33,1892.47,1895.5,1878.33
8/8/2013,1883.97,1884.58,1896.07,1879.13
8/9/2013,1880.71,1884.57,1888.79,1876.07
8/12/2013,1884.83,1878.5,1894.42,1878.33
8/13/2013,1913.03,1893.42,1913.03,1890.78
8/14/2013,1923.91,1912.59,1925.1,1908.92
8/16/2013,1920.11,1903.72,1927.59,1901.7
8/19/2013,1917.64,1917.32,1918.71,1909.8
8/20/2013,1887.85,1910.3,1923.42,1885.93
8/21/2013,1867.46,1891.01,1894.74,1863.6
8/22/2013,1849.12,1847.94,1858.5,1838.52
8/23/2013,1870.16,1861.58,1876.14,1854.67
8/26/2013,1887.86,1876.59,1890.38,1876.59
8/27/2013,1885.84,1883.71,1896.63,1881.44
8/28/2013,1884.52,1862.51,1885.35,1861.56
8/29/2013,1907.54,1892.03,1914.9,1891.59
8/30/2013,1926.36,1918.91,1926.37,1910.37
9/2/2013,1924.81,1925.32,1932.46,1921.01
9/3/2013,1933.74,1934.24,1940.99,1928.09
9/4/2013,1933.03,1929.6,1938.26,1921.93
9/5/2013,1951.65,1943.66,1954.21,1937.82
9/6/2013,1955.31,1954.11,1962.15,1949.01
9/9/2013,1974.67,1964.09,1974.67,1962.62
9/10/2013,1994.06,1978.08,1994.06,1974.59
9/11/2013,2003.85,1995.96,2003.85,1987.4
9/12/2013,2004.06,2004.67,2017.48,1995.16
9/13/2013,1994.32,1994.95,2004.87,1992.26
9/16/2013,2013.37,2011.69,2018.02,2004.45
9/17/2013,2005.58,2009.31,2009.31,1994.31
9/23/2013,2009.41,2000.72,2015.18,1994.77
9/24/2013,2007.1,2001.51,2011.11,1990.36
9/25/2013,1998.06,2004.53,2006.88,1988.87
9/26/2013,2007.32,1992.1,2007.32,1991.1
9/27/2013,2011.8,2012.26,2016.34,2008.25
9/30/2013,1996.96,2002.02,2005.41,1994.22
10/1/2013,1998.87,1997.62,2012.52,1991.22
10/2/2013,1999.47,2012.07,2012.82,1999.02
10/4/2013,1996.98,1999.92,2004.65,1985.63
10/7/2013,1994.42,1997.17,2002.61,1991.02
10/8/2013,2002.76,1987.97,2002.78,1981.21
10/10/2013,2001.4,2000.91,2010,1997.66
10/11/2013,2024.9,2018.01,2028.11,2012.66
10/14/2013,2020.27,2026.07,2026.79,2019.65
10/15/2013,2040.96,2034.69,2045.5,2033.84
10/16/2013,2034.61,2040.03,2049.5,2033.75
10/17/2013,2040.61,2051.19,2052.44,2035.96
10/18/2013,2052.4,2046.56,2052.4,2041.36
10/21/2013,2053.01,2054.16,2060.18,2047.83
10/22/2013,2056.12,2051.01,2056.12,2045.45
10/23/2013,2035.75,2062.81,2063.28,2035.75
10/24/2013,2046.69,2034.96,2046.69,2027.93
10/25/2013,2034.39,2047.46,2047.46,2023.82
10/28/2013,2048.14,2037.28,2048.14,2030.9
10/29/2013,2051.76,2046.67,2053.78,2039.46
10/30/2013,2059.58,2055,2059.58,2043.93
10/31/2013,2030.09,2050.96,2055.59,2030.09
11/1/2013,2039.42,2037.25,2041.23,2030.57
11/4/2013,2025.17,2035.08,2035.84,2022.91
11/5/2013,2013.93,2027.62,2029.6,2010.2
11/6/2013,2013.67,2015.32,2023.52,2011.41
11/7/2013,2004.04,2014.85,2017.55,2000.6
11/8/2013,1984.87,1987.21,1998.59,1984.86
11/11/2013,1977.3,1995.86,1995.86,1973.05
11/12/2013,1995.48,1983.94,2000.41,1983.89
11/13/2013,1963.56,1993.16,1993.16,1963.56
11/14/2013,1967.56,1980.2,1981.89,1963.42
11/15/2013,2005.64,1980.99,2006.31,1980.99
11/18/2013,2010.81,2014.24,2018.17,2009.76
11/19/2013,2031.64,2009.95,2033.91,2009.47
11/20/2013,2017.24,2028.34,2029.61,2010.74
11/21/2013,1993.78,2013.71,2013.71,1985.65
11/22/2013,2006.23,2002.15,2011.2,1992.48
11/25/2013,2015.98,2020,2031.11,2015.98
11/26/2013,2022.64,2008.19,2022.66,1998.9
11/27/2013,2028.81,2016.28,2028.81,2010.84
11/28/2013,2045.77,2039.73,2047.66,2037.73
11/29/2013,2044.87,2044.85,2050.7,2038.46
12/2/2013,2030.78,2050.45,2052.88,2029.1
12/3/2013,2009.36,2023.62,2028.07,2008.55
12/4/2013,1986.8,1998.69,2006.71,1986.8
12/5/2013,1984.77,1993.73,1994.32,1971.44
12/6/2013,1980.41,1982.99,1990.55,1980.4
12/9/2013,2000.38,2000.52,2003.97,1997.58
12/10/2013,1993.45,2000.03,2001.33,1989.41
12/11/2013,1977.97,1987.22,2000.15,1972.87
12/12/2013,1967.93,1966.44,1970.51,1958.99
12/13/2013,1962.91,1963.04,1963.81,1947.44
12/16/2013,1961.15,1960.6,1970.25,1956.63
12/17/2013,1965.74,1977.94,1979.62,1962.22
12/18/2013,1974.63,1971.85,1982.42,1966.18
12/19/2013,1975.65,1996.79,1997.02,1969.95
12/20/2013,1983.35,1973.12,1984.44,1972.59
12/23/2013,1996.89,1993.45,2000.07,1989
12/24/2013,2001.59,2000.24,2007.34,1994.34
12/26/2013,1999.3,2004.25,2009.96,1997.34
12/27/2013,2002.28,1994.05,2004.55,1987.58
12/30/2013,2011.34,2004.32,2011.34,1998.61
1/2/2014,1967.19,2013.11,2013.89,1967.19
1/3/2014,1946.14,1963.72,1964.63,1936.15
1/6/2014,1953.28,1947.62,1961.85,1943.74
1/7/2014,1959.44,1947.65,1965.74,1947.08
1/8/2014,1958.96,1965.5,1966.95,1950.02
1/9/2014,1946.11,1962.3,1964.59,1946.11
1/10/2014,1938.54,1949.53,1956.97,1931.16
1/13/2014,1948.92,1947.38,1954.07,1942.83
1/14/2014,1946.07,1942.79,1961.73,1939.31
1/15/2014,1953.28,1956.43,1956.84,1945.87
1/16/2014,1957.32,1957.91,1965.27,1955.79
1/17/2014,1944.48,1958.5,1962.64,1943.13
1/20/2014,1953.78,1945.99,1955.28,1934.38
1/21/2014,1963.89,1955.26,1965.43,1949.56
1/22/2014,1970.42,1960.46,1970.42,1959.57
1/23/2014,1947.59,1968.77,1969.04,1947.01
1/24/2014,1940.56,1941.55,1947.01,1924.49
1/27/2014,1910.34,1905.91,1918.68,1899.76
1/28/2014,1916.93,1907.18,1919.26,1904.05
1/29/2014,1941.15,1925.93,1941.71,1925.52
2/3/2014,1919.96,1930.09,1931.81,1917.64
2/4/2014,1886.85,1894.96,1898.08,1885.53
2/5/2014,1891.32,1897.95,1901.4,1888.47
2/6/2014,1907.89,1897.35,1910.91,1897.35
2/7/2014,1922.5,1922.45,1923.25,1910.9
2/10/2014,1923.3,1928.13,1928.39,1916.4
2/11/2014,1932.06,1924.45,1935.29,1920.55
2/12/2014,1935.84,1942.23,1942.23,1933.54
2/13/2014,1926.96,1936.62,1944.73,1924.39
2/14/2014,1940.28,1930.14,1946.81,1930.14
2/17/2014,1946.36,1951.74,1955.04,1942.94
2/18/2014,1946.91,1946.88,1951.06,1935.6
2/19/2014,1942.93,1944.7,1944.7,1932.44
2/20/2014,1930.57,1932.9,1941.13,1927.53
2/21/2014,1957.83,1948.03,1957.83,1946.68
2/24/2014,1949.05,1958.06,1961.41,1943.86
2/25/2014,1964.86,1958.3,1964.86,1955.7
2/26/2014,1970.77,1963.45,1973.88,1955.92
2/27/2014,1978.43,1969.85,1980.37,1965.7
2/28/2014,1979.99,1976.48,1981.15,1972.65
3/3/2014,1964.69,1967.9,1969.16,1955.11
3/4/2014,1954.11,1954.58,1963.56,1952.61
3/5/2014,1971.24,1973.28,1977.3,1970.28
3/6/2014,1975.62,1973.67,1975.62,1968.17
3/7/2014,1974.68,1979.7,1983.53,1968.66
3/10/2014,1954.42,1967.63,1967.66,1951.96
3/11/2014,1963.87,1957.22,1963.87,1951.2
3/12/2014,1932.54,1957.67,1958.09,1930.48
3/13/2014,1934.38,1940.35,1946.28,1931.75
3/14/2014,1919.9,1916.07,1927.89,1913.64
3/17/2014,1927.53,1921.15,1928.43,1919.61
3/18/2014,1940.21,1941.12,1946.14,1931.83
3/19/2014,1937.68,1947.34,1948.15,1935.27
3/20/2014,1919.52,1934.15,1934.63,1919.37
3/21/2014,1934.94,1930.24,1935.18,1927.85
3/24/2014,1945.55,1937.06,1950.54,1937.06
3/25/2014,1941.25,1940.9,1946.09,1936.62
3/26/2014,1964.31,1954.6,1965.44,1953.69
3/27/2014,1977.97,1963.66,1979.7,1963.1
3/28/2014,1981,1972.63,1985.5,1971.25
3/31/2014,1985.61,1988.73,1989.8,1973.05
4/1/2014,1991.98,1983.78,1991.98,1976.06
4/2/2014,1997.25,2000.13,2001.26,1995.08
4/3/2014,1993.7,1999.42,2007.88,1992.16
4/4/2014,1988.09,1987.84,1993.96,1985.76
4/7/2014,1989.7,1984.29,1992.18,1978.63
4/8/2014,1993.03,1977.61,1994.58,1977.61
4/9/2014,1998.95,1997.98,2001.15,1992.12
4/10/2014,2008.61,2007.71,2008.98,1995.79
4/11/2014,1997.44,1985.28,1997.44,1985.16
4/14/2014,1997.02,1993.81,2001,1993.07
4/15/2014,1992.27,2008.49,2009.04,1990.34
4/16/2014,1992.21,1994.31,1995.86,1986.25
4/17/2014,1992.05,2000.47,2001.29,1984.98
4/18/2014,2004.28,1998.52,2005.22,1998.26
4/21/2014,1999.22,2006.21,2006.95,1993.53
4/22/2014,2004.22,2000.94,2004.42,1991.47
4/23/2014,2000.37,2010.06,2013.09,1999.78
4/24/2014,1998.34,2006.38,2007.17,1993.18
4/25/2014,1971.66,1996.61,1996.64,1971.66
4/28/2014,1969.26,1969.04,1976.56,1969.04
4/29/2014,1964.77,1974.67,1976.17,1960.36
4/30/2014,1961.79,1973.56,1974.33,1955.15
5/2/2014,1959.44,1966.29,1968.5,1956.32
5/7/2014,1939.88,1964.19,1964.19,1939.55
5/8/2014,1950.6,1945.94,1950.6,1934.72
5/9/2014,1956.55,1953.48,1958.34,1949.64
5/12/2014,1964.94,1956.26,1966.64,1950.91
5/13/2014,1982.93,1973.08,1988.41,1969.6
5/14/2014,2010.83,1990.99,2010.85,1990.79
5/15/2014,2010.2,2007.88,2015.37,2006.38
5/16/2014,2013.44,2003.48,2013.44,1997.27
5/19/2014,2015.14,2013.79,2015.53,2002.89
5/20/2014,2011.26,2011.85,2014.46,2004.32
5/21/2014,2008.33,2003.48,2015.63,2001.74
5/22/2014,2015.59,2015.41,2022.59,2011.6
5/23/2014,2017.17,2013.09,2017.96,2011.76
5/26/2014,2010.35,2016.21,2020.96,2008.14
5/27/2014,1997.63,2014.87,2016.73,1988.44
5/28/2014,2017.06,2000.26,2017.06,1997.89
5/29/2014,2012.26,2020.67,2021.96,2009.23
5/30/2014,1994.96,2015.37,2019.17,1994.96
6/2/2014,2002,1998.81,2006.93,1995.69
6/3/2014,2008.56,2006.31,2008.56,1990.72
6/5/2014,1995.48,2007.2,2007.2,1986.95
6/9/2014,1990.04,2004.73,2008.86,1986.53
6/10/2014,2011.8,2000.89,2011.87,1996.21
6/11/2014,2014.67,2009.51,2016.78,2006.73
6/12/2014,2011.65,2013.6,2015.8,2003.57
6/13/2014,1990.85,2005.55,2005.55,1984.04
6/16/2014,1993.59,1986.86,1995.86,1985.3
6/17/2014,2001.55,1994.89,2002.96,1991.53
6/18/2014,1989.49,2002.26,2002.26,1987.03
6/19/2014,1992.03,1994.23,1999.11,1985.89
6/20/2014,1968.07,1990.71,1990.73,1965.12
6/23/2014,1974.92,1975.1,1980.31,1971.61
6/24/2014,1994.35,1976.24,1998.31,1976.24
6/25/2014,1981.77,1992.69,1993.6,1980.78
6/26/2014,1995.05,1983,1997.08,1982.48
6/27/2014,1988.51,1990.9,1997.01,1983.88
6/30/2014,2002.21,1996.13,2002.21,1992.65
7/1/2014,1999,1993.29,1999,1987.89
7/2/2014,2015.28,2008,2016.36,2002.4
7/3/2014,2010.97,2015.99,2015.99,2007.86
7/4/2014,2009.66,2018.35,2018.35,2005.84
7/7/2014,2005.12,2007.53,2009.32,1998.03
7/8/2014,2006.66,2003.55,2009.22,1997.87
7/9/2014,2000.5,1997.57,2000.89,1992.42
7/10/2014,2002.84,2004.63,2006.5,1999.96
7/11/2014,1988.74,1988.93,1993.46,1985.53
7/14/2014,1993.88,1998.26,2001.11,1993.57
7/15/2014,2012.72,2004.93,2015.54,2004.49
7/16/2014,2013.48,2015.67,2018.05,2008.99
7/17/2014,2020.9,2020.52,2025.41,2018.77
7/18/2014,2019.42,2007.12,2019.42,2006.01
7/21/2014,2018.5,2028.02,2030.61,2016.42
7/22/2014,2028.93,2021.18,2028.93,2017.76
7/23/2014,2028.32,2032.73,2035.24,2025
7/24/2014,2026.62,2032.94,2034.72,2021.22
7/25/2014,2033.85,2030.04,2036.2,2027.33
7/28/2014,2048.81,2035.96,2053.84,2035.96
7/29/2014,2061.97,2054.03,2065.96,2053.41
7/30/2014,2082.61,2064.47,2093.08,2062.88
7/31/2014,2076.12,2081.75,2090.57,2070.78
8/1/2014,2073.1,2063.71,2079.81,2062.54
8/4/2014,2080.42,2080.77,2083.05,2067.17
8/5/2014,2066.26,2076.17,2077.73,2058.92
8/6/2014,2060.73,2062.93,2068.08,2055.68
8/7/2014,2054.51,2062.24,2063.53,2047.75
8/8/2014,2031.1,2049.51,2051.06,2026.56
8/11/2014,2039.37,2048.18,2048.18,2037.8
8/12/2014,2041.47,2048.39,2055.85,2038.14
8/13/2014,2062.36,2046.68,2062.36,2043.11
8/14/2014,2063.22,2065.69,2073.42,2056.06
8/18/2014,2053.13,2070.95,2073.05,2053.13
8/19/2014,2071.14,2065.19,2074.43,2064.34
8/20/2014,2072.78,2080.77,2082.21,2063.61
8/21/2014,2044.21,2067.63,2068.22,2041.91
8/22/2014,2056.7,2048.24,2058.46,2046.54
8/25/2014,2060.89,2049.16,2062.23,2044.2
8/26/2014,2068.05,2069.07,2072.42,2065.15
8/27/2014,2074.93,2075.45,2081.83,2070.77
8/28/2014,2075.76,2083.03,2088.86,2072.14
8/29/2014,2068.54,2070.73,2073.03,2060.14
9/1/2014,2067.86,2067.8,2072.59,2062.3
9/2/2014,2051.58,2065.97,2066,2049.15
9/3/2014,2051.2,2050.09,2054.08,2040.44
9/4/2014,2056.26,2059.05,2065.27,2050.79
9/5/2014,2049.41,2053.18,2059.04,2044.68
9/11/2014,2034.16,2046.97,2052.16,2034.13
9/12/2014,2041.86,2042.51,2048.21,2037.37
9/15/2014,2035.82,2039.03,2040.08,2028.8
9/16/2014,2042.92,2039.92,2045.65,2036.23
9/17/2014,2062.61,2052.06,2062.62,2051.11
9/18/2014,2047.74,2058.21,2063.26,2044.17
9/19/2014,2053.82,2057.56,2062.37,2053.66
9/22/2014,2039.27,2053.3,2053.3,2032.36
9/23/2014,2028.91,2028.9,2036.25,2025.16
9/24/2014,2035.64,2024.75,2036.26,2019.91
9/25/2014,2034.11,2045.66,2046.26,2030.09
9/26/2014,2031.64,2019.17,2031.65,2018.7
9/29/2014,2026.6,2035.93,2036.44,2021.37
9/30/2014,2020.09,2023.18,2029.17,2007.3
10/1/2014,1991.54,2013.47,2013.47,1989.84
10/2/2014,1976.16,1984.43,1985.06,1966.17
10/6/2014,1968.39,1987.89,1988.39,1968.3
10/7/2014,1972.91,1979.83,1982.96,1966.22
10/8/2014,1965.25,1957.9,1974.27,1957.9
10/10/2014,1940.92,1953.98,1953.98,1931.88
10/13/2014,1927.21,1919.48,1932.37,1918.48
10/14/2014,1929.25,1933.45,1940.21,1926.87
10/15/2014,1925.91,1932.11,1938.85,1918.77
10/16/2014,1918.83,1911.45,1922.94,1904.77
10/17/2014,1900.66,1923.51,1923.51,1896.54
10/20/2014,1930.06,1918.84,1933.12,1917.54
10/21/2014,1915.28,1923.62,1923.62,1911.03
10/22/2014,1936.97,1936.91,1936.99,1924.21
10/23/2014,1931.65,1932.43,1944.45,1924.14
10/24/2014,1925.69,1942.46,1942.72,1916.84
10/27/2014,1931.97,1933.91,1939.25,1929.26
10/28/2014,1925.68,1935.46,1936.28,1924.37
10/29/2014,1961.17,1938.8,1961.49,1931.59
10/30/2014,1958.93,1956.92,1959.49,1944.24
10/31/2014,1964.43,1963.26,1967.08,1951.07
11/3/2014,1952.97,1959.66,1961.04,1947.83
11/4/2014,1935.19,1950.15,1956.73,1928.52
11/5/2014,1931.43,1938.61,1944.5,1928.99
11/6/2014,1936.48,1933.45,1939.32,1923.05
11/7/2014,1939.87,1935.75,1943.26,1932.17
11/10/2014,1958.23,1952.79,1965.35,1952.79
11/11/2014,1963,1957.87,1965.41,1956.23
11/12/2014,1967.27,1965.21,1974.69,1961.66
11/13/2014,1960.51,1970.64,1973.33,1954.88
11/14/2014,1945.14,1959.64,1959.64,1940.49
11/17/2014,1943.63,1941.83,1948.33,1935.95
11/18/2014,1967.01,1951.93,1967.01,1951.93
11/19/2014,1966.87,1974.41,1974.41,1959.21
11/20/2014,1958.04,1960.72,1962.69,1952.44
11/21/2014,1964.84,1966.89,1969.43,1959.81
11/24/2014,1978.54,1982.48,1985.18,1974.37
11/25/2014,1980.21,1981.52,1981.85,1973.8
11/26/2014,1980.84,1984.83,1985.43,1972.95
11/27/2014,1982.09,1993.65,1994.82,1982.08
11/28/2014,1980.78,1983.22,1984.73,1975.66
12/1/2014,1965.22,1971.95,1971.97,1962.15
12/2/2014,1965.83,1959.4,1965.83,1954.4
12/3/2014,1969.91,1969.57,1973.96,1964.77
12/4/2014,1986.61,1976.3,1988.56,1976.1
12/5/2014,1986.62,1986.6,1989.17,1983.36
12/8/2014,1978.95,1988.8,1990.04,1976.89
12/9/2014,1970.95,1977.05,1977.15,1968.85
12/10/2014,1945.56,1964.04,1966.11,1943.27
12/11/2014,1916.59,1930.46,1937.23,1916.49
12/12/2014,1921.71,1921.61,1926.67,1915
12/15/2014,1920.36,1903.12,1920.43,1899.61
12/16/2014,1904.13,1909.01,1919.6,1901.13
12/17/2014,1900.16,1913.28,1913.28,1900.16
12/18/2014,1897.5,1917.67,1919.24,1881.73
12/19/2014,1929.98,1920.75,1930.08,1914.27
12/22/2014,1943.12,1938.16,1944.2,1928.89
12/23/2014,1939.02,1942.12,1944.75,1936.75
12/24/2014,1946.61,1940.76,1947.35,1936.74
12/26/2014,1948.16,1947.6,1954.77,1944.22
12/29/2014,1927.86,1937.27,1941.33,1927.83
12/30/2014,1915.59,1934.51,1937.55,1910.78
1/2/2015,1926.44,1914.24,1929.15,1909.67
1/5/2015,1915.75,1921.96,1921.96,1903.37
1/6/2015,1882.45,1895.48,1900.02,1877.38
1/7/2015,1883.83,1878.9,1887.6,1876.27
1/8/2015,1904.65,1895.85,1907.23,1891.77
1/9/2015,1924.7,1919.8,1929.1,1915.85
1/12/2015,1920.95,1918.18,1924.66,1917.88
1/13/2015,1917.14,1915.03,1920.77,1910.27
1/14/2015,1913.66,1919.31,1925.68,1913.51
1/15/2015,1914.14,1914.06,1919.69,1908.6
1/16/2015,1888.13,1907.07,1907.07,1885.62
1/19/2015,1902.62,1902.81,1912.42,1900.26
1/20/2015,1918.31,1908.62,1918.85,1907.97
1/21/2015,1921.23,1917.33,1921.88,1909.86
1/22/2015,1920.82,1926.01,1932.5,1916.56
1/23/2015,1936.09,1945.36,1945.36,1930.65
1/26/2015,1935.68,1928.26,1936.4,1924.14
1/27/2015,1952.4,1941.9,1952.41,1940.72
1/28/2015,1961.58,1946.71,1963.53,1943.59
1/29/2015,1951.02,1950.83,1960.12,1946.2
1/30/2015,1949.26,1964.13,1964.13,1948.6
2/2/2015,1952.68,1947.91,1956.1,1944.58
2/3/2015,1951.96,1960.11,1960.35,1940.74
2/4/2015,1962.79,1963.37,1970.27,1961.57
2/5/2015,1952.84,1961.15,1962.15,1945.42
2/6/2015,1955.52,1955.13,1955.52,1945.82
2/9/2015,1947,1949.5,1952.86,1944.79
2/10/2015,1935.86,1949.3,1954.2,1935.86
2/11/2015,1945.7,1942.34,1948.89,1937.95
2/12/2015,1941.63,1947.21,1947.47,1932.75
2/13/2015,1957.5,1949.32,1957.5,1946.94
2/16/2015,1958.23,1960.03,1963.44,1955.39
2/17/2015,1961.45,1955.77,1962.97,1952.33
2/23/2015,1968.39,1974.44,1976.96,1966.77
2/24/2015,1976.12,1975.65,1980.38,1972.61
2/25/2015,1990.47,1988.47,1992.03,1984.53
2/26/2015,1993.08,1993.27,1993.43,1983.94
2/27/2015,1985.8,1992.76,1993.34,1982.5
3/2/2015,1996.81,1996.72,1999.13,1988.33
3/3/2015,2001.38,2002.5,2003.05,1995.93
3/4/2015,1998.29,2001.76,2003.85,1996.5
3/5/2015,1998.38,1996.81,2002.48,1993.92
3/6/2015,2012.94,2003.97,2013.73,2003.18
3/9/2015,1992.82,2004.94,2005.81,1990.87
3/10/2015,1984.77,2000.66,2003.19,1982.22
3/11/2015,1980.83,1971.04,1984.6,1969.13
3/12/2015,1970.59,1979.22,1988.77,1970.59
3/13/2015,1985.79,1987.17,1991.87,1982.96
3/16/2015,1987.33,1985.59,1991.79,1982.26
3/17/2015,2029.91,1998.26,2029.91,1997.27
3/18/2015,2028.45,2032.19,2036.13,2026.72
3/19/2015,2037.89,2047.13,2047.13,2031.07
3/20/2015,2037.24,2037.13,2040,2027.81
3/23/2015,2036.59,2043.22,2043.92,2032.35
3/24/2015,2041.37,2035.08,2041.77,2028.54
3/25/2015,2042.81,2043.16,2046.97,2038.14
3/26/2015,2022.56,2027.2,2036.7,2019.51
3/27/2015,2019.8,2026.75,2027.25,2016.88
3/30/2015,2030.04,2026.6,2033.27,2018.12
3/31/2015,2041.03,2042.31,2046.9,2032.24
4/1/2015,2028.45,2035.4,2039.04,2024.64
4/2/2015,2029.07,2036.9,2040.45,2028.22
4/3/2015,2045.42,2035.83,2045.94,2031.27
4/6/2015,2046.43,2049.87,2055.45,2043.26
4/7/2015,2047.03,2059.05,2059.09,2043.79
4/8/2015,2059.26,2048.75,2060.19,2046.09
4/9/2015,2058.87,2060.3,2064.46,2054.17
4/10/2015,2087.76,2066.32,2089.09,2065.39
4/13/2015,2098.92,2094.1,2099.97,2088.82
4/14/2015,2111.72,2101.76,2111.73,2095.97
4/15/2015,2119.96,2114.56,2122.72,2110.25
4/16/2015,2139.9,2134.14,2139.9,2125.54
4/17/2015,2143.5,2142.72,2144.76,2134.1
4/20/2015,2146.71,2126.55,2146.73,2126.55
4/21/2015,2144.79,2153.42,2153.84,2140.12
4/22/2015,2143.89,2146.59,2161.23,2125.88
4/23/2015,2173.41,2156.94,2174.72,2139.33
4/24/2015,2159.8,2181.24,2189.54,2154.27
4/27/2015,2157.54,2169.14,2169.14,2152.09
4/28/2015,2147.67,2162.5,2164.52,2144.85
4/29/2015,2142.63,2155.01,2156.24,2126.36
4/30/2015,2127.17,2134.94,2136.9,2121.29
5/4/2015,2132.23,2134.51,2139.3,2128.72
5/6/2015,2104.58,2122.03,2123.22,2095.6
5/7/2015,2091,2098.48,2099.44,2067.99
5/8/2015,2085.52,2090.19,2094.06,2082.72
5/11/2015,2097.38,2106.12,2110.79,2097.38
5/12/2015,2096.77,2100.63,2101.72,2088.64
5/13/2015,2114.16,2100.1,2115.36,2100.08
5/14/2015,2120.33,2115.59,2121.68,2111.72
5/15/2015,2106.5,2132.53,2134.36,2104.77
5/18/2015,2113.72,2108.15,2113.72,2099.48
5/19/2015,2120.85,2114.29,2126.89,2107.62
5/20/2015,2139.54,2128.01,2140.24,2125.49
5/21/2015,2122.81,2139.68,2140.6,2121.49
5/22/2015,2146.1,2131.11,2146.1,2126.88
5/26/2015,2143.5,2146.47,2148.7,2130.3
5/27/2015,2107.5,2133.49,2134.95,2103.64
5/28/2015,2110.89,2117.77,2123.52,2110.89
5/29/2015,2114.8,2109.38,2123.39,2106.7
6/1/2015,2102.37,2110.12,2110.88,2086
6/2/2015,2078.64,2102.62,2107.17,2076.16
6/3/2015,2063.16,2078.51,2087.95,2059.34
6/4/2015,2072.86,2070.49,2082.6,2062.75
6/5/2015,2068.1,2062.22,2075.02,2060.91
6/8/2015,2065.19,2068.51,2068.51,2056.5
6/9/2015,2064.03,2063.4,2073.75,2057.21
6/10/2015,2051.32,2079.13,2080.03,2049.13
6/11/2015,2056.61,2065.07,2065.07,2051.1
6/12/2015,2052.17,2068.45,2074.78,2044.87
6/15/2015,2042.32,2041.07,2049.68,2033.72
6/16/2015,2028.72,2045.01,2045.77,2008.46
6/17/2015,2034.86,2035.48,2037.12,2021.5
6/18/2015,2041.88,2046.19,2052,2036.78
6/19/2015,2046.96,2056.54,2057.71,2044.71
6/22/2015,2055.16,2059.6,2068.07,2050.3
6/23/2015,2081.2,2071.3,2086.09,2066.21
6/24/2015,2085.53,2086.69,2087.68,2076.78
6/25/2015,2085.06,2077.84,2088.16,2073.95
6/26/2015,2090.26,2083.4,2097.01,2080.79
6/29/2015,2060.49,2056.44,2068.85,2054.33
6/30/2015,2074.2,2054.83,2075.02,2049.44
7/1/2015,2097.89,2077.27,2100.34,2072.54
7/2/2015,2107.33,2107.11,2110.81,2098.76
7/3/2015,2104.41,2107.51,2109.68,2094.02
7/6/2015,2053.93,2076.06,2089.86,2052.23
7/7/2015,2040.29,2067.04,2067.93,2028.98
7/8/2015,2016.21,2045.88,2046.33,2010.83
7/9/2015,2027.81,2000.19,2027.81,1983.78
7/10/2015,2031.17,2036.89,2037.84,2024.76
7/13/2015,2061.52,2033.25,2063.28,2030.21
7/14/2015,2059.23,2070.44,2070.44,2052.21
7/15/2015,2072.91,2068.38,2079.9,2060.66
7/16/2015,2087.89,2073.29,2088.33,2071.02
7/17/2015,2076.79,2101.22,2101.22,2068.36
7/20/2015,2073.31,2077.09,2081.43,2068.19
7/21/2015,2083.62,2082.18,2088.24,2069.21
7/22/2015,2064.73,2071.06,2075.94,2059.45
7/23/2015,2065.07,2068.93,2069.2,2053.52
7/24/2015,2045.96,2060.66,2060.66,2040.3
7/27/2015,2038.81,2034.82,2048.15,2032.44
7/28/2015,2039.1,2026.33,2045.55,2015.91
7/29/2015,2037.62,2053.62,2055.95,2037.62
7/30/2015,2019.03,2040.24,2044.93,2019.03
7/31/2015,2030.16,2026.98,2030.16,2004.7
8/3/2015,2008.49,2026.25,2026.25,2005.21
8/4/2015,2027.99,2007.75,2027.99,2007.66
8/5/2015,2029.76,2027.22,2035.25,2022.98
8/6/2015,2013.29,2037.26,2038.41,2011.6
8/7/2015,2010.23,2009.39,2012.9,2001.13
8/10/2015,2003.17,2008.44,2008.55,1993.96
8/11/2015,1986.65,2020.15,2021.81,1986.46
8/12/2015,1975.47,1980.04,1989.1,1948.91
8/13/2015,1983.46,1975.47,1990.7,1966.02
8/17/2015,1968.52,1991.05,1991.05,1968.44
8/18/2015,1956.26,1977.61,1979.33,1954.35
8/19/2015,1939.38,1954.56,1959.51,1915.91
8/20/2015,1914.55,1929.43,1933.79,1912.55
8/21/2015,1876.07,1862.79,1886.49,1856.91
8/24/2015,1829.81,1860.03,1872.86,1800.75
8/25/2015,1846.63,1840.94,1864.3,1806.79
8/26/2015,1894.09,1843.7,1895.45,1835.58
8/27/2015,1908,1912.42,1920.39,1898.98
8/28/2015,1937.67,1932.39,1938.61,1927.39
8/31/2015,1941.49,1934.12,1941.49,1925.52
9/1/2015,1914.23,1934.44,1939.67,1914.22
9/2/2015,1915.22,1886.14,1920.62,1883.5
9/3/2015,1915.53,1929.78,1931.19,1911.17
9/4/2015,1886.04,1921.81,1923.06,1879.94
9/7/2015,1883.22,1883.36,1895.99,1870.59
9/8/2015,1878.68,1889.14,1894.56,1868.48
9/9/2015,1934.2,1903.28,1934.2,1902.93
9/10/2015,1962.11,1918.42,1962.11,1915.44
9/11/2015,1941.37,1942.88,1951.26,1939.73
9/14/2015,1931.46,1947.65,1948.02,1921.45
9/15/2015,1937.56,1930.44,1938.9,1927.62
9/16/2015,1975.45,1949.49,1978.68,1949.15
9/17/2015,1976.49,1989.07,1989.07,1972.93
9/18/2015,1995.95,1978.39,1996.47,1964.12
9/21/2015,1964.68,1973.24,1980.8,1960.11
9/22/2015,1982.06,1973.54,1983.99,1966.05
9/23/2015,1944.64,1960.33,1968.16,1944.51
9/24/2015,1947.1,1956.94,1958.73,1944.31
9/25/2015,1942.85,1948.3,1951.94,1932.49
9/30/2015,1962.81,1915.46,1962.84,1915.04
10/1/2015,1979.32,1963.55,1986.01,1958.63
10/2/2015,1969.68,1979.41,1985.57,1969.68
10/5/2015,1978.25,1981.6,1994.65,1975.55
10/6/2015,1990.65,1996.29,1998.02,1985.17
10/7/2015,2005.84,1995.87,2006.24,1994.55
10/8/2015,2019.53,2016.36,2020.19,1998.66
10/12/2015,2021.63,2022.33,2030.92,2015.43
10/13/2015,2019.05,2021.2,2024.5,2010.16
10/14/2015,2009.55,2014.47,2016.14,2002.63
10/15/2015,2033.27,2008.29,2035.8,2007.46
10/16/2015,2030.26,2037.98,2038.06,2025.19
10/19/2015,2030.27,2032.36,2036.3,2022.25
10/20/2015,2039.36,2031.5,2040.24,2026.67
10/21/2015,2042.98,2039.25,2053.95,2035.59
10/22/2015,2023,2040.43,2042.57,2019.53
10/23/2015,2040.4,2043.67,2054.82,2036.92
10/26/2015,2048.08,2049.41,2049.6,2039.97
10/27/2015,2044.65,2043.52,2045.81,2036.22
10/28/2015,2042.51,2045.67,2045.67,2032.39
10/29/2015,2034.16,2050.97,2064.72,2032.56
10/30/2015,2029.47,2034.78,2038.56,2027.8
11/2/2015,2035.24,2033.15,2036.05,2028.2
11/3/2015,2048.4,2042.6,2053.24,2040.75
11/4/2015,2052.77,2053.51,2056.12,2042.38
11/5/2015,2049.41,2049.3,2050.44,2039.93
11/6/2015,2041.07,2048.17,2055.14,2038.46
11/9/2015,2025.7,2038.59,2038.59,2022.52
11/10/2015,1996.59,2015.45,2015.45,1988.54
11/11/2015,1997.27,1993.81,2001.73,1983.14
11/12/2015,1993.36,1997.32,1998.66,1991.28
11/13/2015,1973.29,1975.97,1981.27,1969.71
11/16/2015,1943.02,1945.68,1956.09,1942.85
11/17/2015,1963.58,1967.36,1974.08,1959.22
11/18/2015,1962.88,1967.25,1973.16,1961.43
11/19/2015,1988.91,1976.94,1988.92,1972.85
11/20/2015,1989.86,1988.96,1993.97,1985.93
11/23/2015,2003.7,1995.92,2008.34,1992.86
11/24/2015,2016.29,2004.29,2019.95,2003.06
11/25/2015,2009.42,2018.24,2018.93,2007.91
11/26/2015,2030.68,2014.88,2033.18,2014.88
11/27/2015,2028.99,2038.71,2038.72,2026.4
11/30/2015,1991.97,2022.38,2022.38,1987.12
12/1/2015,2023.93,2001.51,2026.33,2001.51
12/2/2015,2009.29,2026.08,2026.19,2009.29
12/3/2015,1994.07,2000.2,2000.2,1981.59
12/4/2015,1974.4,1972.16,1983.02,1970.48
12/7/2015,1963.67,1987.62,1988.04,1963.66
12/8/2015,1949.04,1964.22,1971.07,1948.43
12/9/2015,1948.24,1951.39,1956.7,1944.78
12/10/2015,1952.07,1947.21,1956.84,1940.4
12/11/2015,1948.62,1952.82,1961,1943.67
12/14/2015,1927.82,1926.36,1930.4,1919.22
12/15/2015,1932.97,1935.82,1938.04,1925.75
12/16/2015,1969.4,1950.15,1975.63,1950.05
12/17/2015,1977.96,1984.06,1987.83,1967.64
12/18/2015,1975.32,1960.32,1981.42,1958.12
12/21/2015,1981.19,1974.26,1986.66,1968.14
12/22/2015,1992.56,1984.37,1992.72,1971.32
12/23/2015,1999.22,1994.2,2007.42,1989.3
12/24/2015,1990.65,2009.34,2009.99,1990.65
12/28/2015,1964.06,1990.59,1991.19,1964.06
12/29/2015,1966.31,1956.49,1968.57,1946.21
12/30/2015,1961.31,1973.03,1974.67,1958.78
1/4/2016,1918.76,1954.47,1954.52,1918.76
1/5/2016,1930.53,1911.93,1937.57,1911.93
1/6/2016,1925.43,1934.25,1934.25,1911.61
1/7/2016,1904.33,1915.71,1926.41,1901.24
1/8/2016,1917.62,1889.42,1918.25,1883.82
1/11/2016,1894.84,1897.18,1907.43,1892.69
1/12/2016,1890.86,1907.61,1910.59,1888.94
1/13/2016,1916.28,1904.33,1921,1902.49
1/14/2016,1900.01,1893.18,1900.48,1882.02
1/15/2016,1878.87,1915.83,1918.3,1873.35
1/18/2016,1878.45,1856.03,1882.21,1854.55
1/19/2016,1889.64,1879.8,1889.9,1866.76
1/20/2016,1845.45,1885.36,1885.36,1830.06
1/21/2016,1840.53,1848.1,1860.02,1838.04
1/22/2016,1879.43,1860.3,1879.43,1859.54
1/25/2016,1893.43,1890.15,1901.22,1882.74
1/26/2016,1871.69,1881.87,1884.13,1862.98
1/27/2016,1897.87,1888.07,1902.03,1883.39
1/28/2016,1906.94,1885.38,1907.56,1877.78
1/29/2016,1912.06,1905.01,1912.07,1888.48
2/1/2016,1924.82,1919.62,1926.11,1912.85
2/2/2016,1906.6,1914.96,1920.02,1906.06
2/3/2016,1890.67,1893.83,1894.72,1882.75
2/4/2016,1916.26,1900.48,1917.09,1897.18
2/5/2016,1917.79,1914.55,1921.76,1910.31
2/11/2016,1861.54,1872.68,1877.77,1858.9
2/12/2016,1835.28,1850.67,1857.12,1817.97
2/15/2016,1862.2,1857.33,1864.62,1847.6
2/16/2016,1888.3,1870.1,1892.15,1868.11
2/17/2016,1883.94,1889.41,1897.37,1881.03
2/18/2016,1908.84,1909.4,1910.12,1898.49
2/19/2016,1916.24,1904.5,1916.24,1902.24
2/22/2016,1916.36,1911.56,1921.14,1905.85
2/23/2016,1914.22,1928.85,1929.53,1909.79
2/24/2016,1912.53,1908.71,1918.63,1906.19
2/25/2016,1918.57,1919.08,1928.49,1906.99
2/26/2016,1920.16,1927.1,1927.8,1917.07
2/29/2016,1916.66,1921.76,1927.05,1916.66
3/2/2016,1947.42,1944.27,1949.94,1942.24
3/3/2016,1958.17,1957.83,1958.17,1946.57
3/4/2016,1955.63,1956.01,1958.46,1949.47
3/7/2016,1957.87,1961.26,1963.43,1955.97
3/8/2016,1946.12,1958.94,1958.94,1935.55
3/9/2016,1952.95,1940.55,1952.95,1938.32
3/10/2016,1969.33,1958.87,1976.19,1955.67
3/11/2016,1971.41,1968.3,1975.87,1966.65
3/14/2016,1972.27,1985.74,1985.9,1970.56
3/15/2016,1969.97,1975.61,1979.46,1966.44
3/16/2016,1974.9,1971.58,1982.08,1969.66
3/17/2016,1987.99,1984.69,2000.3,1984.33
3/18/2016,1992.12,1996.31,1996.31,1986.04
3/21/2016,1989.76,1999.25,2003.12,1982.7
3/22/2016,1996.81,1993.37,1997.76,1986.87
3/23/2016,1995.12,1996.47,2001.67,1989.84
3/24/2016,1985.97,1988.46,1992.76,1981.17
3/25/2016,1983.81,1991.06,1991.06,1981.53
3/28/2016,1982.54,1984.93,1992.46,1981.37
3/29/2016,1994.91,1986.93,1997.33,1984.07
3/30/2016,2002.14,2005.24,2009.1,1998.51
3/31/2016,1995.85,2005.72,2007.43,1986.74
4/1/2016,1973.57,1994.77,1994.77,1970.17
4/4/2016,1978.97,1974.73,1979.03,1969.35
4/5/2016,1962.74,1972.38,1973.17,1959.26
4/6/2016,1971.32,1963.17,1975.09,1961.51
4/7/2016,1973.89,1978.75,1980.43,1964.99
4/8/2016,1972.05,1961.29,1972.12,1954.11
4/11/2016,1970.37,1972.25,1973.9,1963.21
4/12/2016,1981.32,1970.5,1981.73,1968.5
4/14/2016,2015.93,2004.15,2016.03,2000.83
4/15/2016,2014.71,2013.38,2016.95,2008.68
4/18/2016,2009.1,2001.35,2009.55,1998.49
4/19/2016,2011.36,2015.1,2020.29,2007.68
4/20/2016,2005.83,2017.05,2023.77,2005.82
4/21/2016,2022.1,2014.6,2022.1,2009.45
4/22/2016,2015.49,2014.93,2017.9,2010.94
4/25/2016,2014.55,2016.05,2016.65,2007.18
4/26/2016,2019.63,2013.26,2021.59,2011.85
4/27/2016,2015.4,2019.31,2019.86,2012.75
4/28/2016,2000.93,2020.83,2022.99,1998.6
4/29/2016,1994.15,1998.68,1999.34,1983.3
5/2/2016,1978.15,1991.84,1991.84,1977.03
5/3/2016,1986.41,1988.34,1989.41,1979.66
5/4/2016,1976.71,1978.24,1982.38,1969.22
5/9/2016,1967.81,1974.52,1976.14,1962.92
5/10/2016,1982.5,1965.86,1982.5,1964.9
5/11/2016,1980.1,1989.17,1989.17,1970.48
5/12/2016,1977.49,1973.28,1981.49,1970.54
5/13/2016,1966.99,1979.97,1980.45,1962.77
5/16/2016,1967.91,1961.91,1970.53,1961.32
5/17/2016,1968.06,1973.86,1975.1,1962.57
5/18/2016,1956.73,1962.78,1964.34,1945.56
5/19/2016,1946.78,1953.91,1954.29,1942.48
5/20/2016,1947.67,1943.84,1951.5,1940.36
5/23/2016,1955.25,1954.26,1956.77,1940.44
5/24/2016,1937.68,1951.18,1951.39,1937.67
5/25/2016,1960.51,1953.63,1964.91,1951.17
5/26/2016,1957.06,1965.81,1967.45,1955.97
5/27/2016,1969.17,1962.33,1971.27,1959.75
5/30/2016,1967.13,1969.72,1970.54,1955.49
5/31/2016,1983.4,1962.47,1984.18,1958.16
6/1/2016,1982.72,1976.87,1986.76,1975.82
6/2/2016,1985.11,1983.86,1988,1978.82
6/3/2016,1985.84,1991.58,1991.58,1979.66
6/7/2016,2011.63,1993.08,2011.67,1992.77
6/8/2016,2027.08,2013.72,2027.09,2008.59
6/9/2016,2024.17,2028.02,2035.27,2012.14
6/10/2016,2017.63,2022.77,2022.77,2014.15
6/13/2016,1979.06,2001.03,2001.79,1976.69
6/14/2016,1972.03,1976.8,1982.32,1965.34
6/15/2016,1968.83,1972,1975.87,1960.97
6/16/2016,1951.99,1971.53,1974.01,1944.8
6/17/2016,1953.4,1966.23,1970.54,1949.6
6/20/2016,1981.12,1974.43,1984.07,1969.56
6/21/2016,1982.7,1977.8,1983.87,1971.99
6/22/2016,1992.58,1981.78,1994.76,1979.37
6/23/2016,1986.71,1989.42,1990.71,1980.14
6/24/2016,1925.24,2001.55,2001.55,1892.75
6/27/2016,1926.85,1901.85,1926.87,1900.83
6/28/2016,1936.22,1907.71,1937.99,1907.49
6/29/2016,1956.36,1946.31,1966.21,1941.9
6/30/2016,1970.35,1971.54,1972.81,1959.28
7/1/2016,1987.32,1977.36,1993.98,1975.89
7/4/2016,1995.3,1989.44,1997.37,1985.11
7/5/2016,1989.85,1995.69,1996.77,1985.94
7/6/2016,1953.12,1980.11,1982.8,1944.33
7/7/2016,1974.08,1963.3,1976.49,1959.83
7/8/2016,1963.1,1972.28,1979.75,1956.91
7/11/2016,1988.54,1979.36,1990.95,1977.81
7/12/2016,1991.23,1991.13,1998.03,1986.45
7/13/2016,2005.55,2007.65,2013.6,1995.84
7/14/2016,2008.77,2004.12,2009.67,1997.94
7/15/2016,2017.26,2015.37,2022.34,2011.1
7/18/2016,2021.11,2018.22,2022.11,2012.3
7/19/2016,2016.89,2022.8,2023.22,2010.27
7/20/2016,2015.46,2013.4,2015.47,2003.87
7/21/2016,2012.22,2019.36,2020.55,2007.59
7/22/2016,2010.34,2005.37,2014.44,2002.66
7/25/2016,2012.32,2014.74,2020.69,2006.63
7/26/2016,2027.34,2009.4,2027.34,2008.25
7/27/2016,2025.05,2027.07,2030.69,2021.15
7/28/2016,2021.1,2029.07,2029.38,2014.36
7/29/2016,2016.19,2023.24,2028.99,2016.19
8/1/2016,2029.61,2024.71,2031.58,2024.57
8/2/2016,2019.03,2023.55,2026.1,2017.59
8/3/2016,1994.79,2008.68,2008.68,1993
8/4/2016,2000.03,2006.08,2006.48,1994.73
8/5/2016,2017.94,2006.23,2018.16,2004.37
8/8/2016,2031.12,2025.55,2031.14,2018.81
8/9/2016,2043.78,2033.52,2046.03,2032.18
8/10/2016,2044.64,2043.03,2049.36,2039.86
8/11/2016,2048.8,2042.64,2048.8,2035.25
8/12/2016,2050.47,2053.82,2060.84,2046.15
8/16/2016,2047.76,2056,2063.09,2047.73
8/17/2016,2043.75,2045.37,2048.29,2032.53
8/18/2016,2055.47,2048.15,2056.09,2041.9
8/19/2016,2056.24,2057.9,2059.3,2049.52
8/22/2016,2042.16,2054.37,2054.71,2040.51
8/23/2016,2049.93,2044.27,2051.43,2041.86
8/24/2016,2043.76,2050.82,2052.74,2039.53
8/25/2016,2042.92,2041.58,2046,2035.01
8/26/2016,2037.5,2036.74,2039.91,2027.68
8/29/2016,2032.35,2028.64,2034.63,2024.93
8/30/2016,2039.74,2038.6,2049.99,2036.76
8/31/2016,2034.65,2038.58,2041.17,2027.24
9/1/2016,2032.72,2022.96,2032.72,2016.47
9/2/2016,2038.31,2033.92,2039.18,2030.17
9/5/2016,2060.08,2049.19,2061,2047.49
9/6/2016,2066.53,2058.21,2067.77,2057.26
9/7/2016,2061.88,2068.81,2073.89,2061.88
9/8/2016,2063.73,2064.96,2070.66,2053.2
9/9/2016,2037.87,2048.94,2049.3,2029.46
9/12/2016,1991.48,2003.67,2011.04,1991.47
9/13/2016,1999.36,2011.93,2013.03,1997.58
9/19/2016,2015.78,1997.43,2019.45,1997.1
9/20/2016,2025.71,2014.5,2026.56,2010.25
9/21/2016,2035.99,2022.81,2035.99,2021.78
9/22/2016,2049.7,2050.31,2060.26,2048.8
9/23/2016,2054.07,2053.22,2057.35,2048.96
9/26/2016,2047.11,2052.76,2060.71,2042.7
9/27/2016,2062.82,2037.32,2064.89,2031.13
9/28/2016,2053.06,2062.57,2062.98,2051.68
9/29/2016,2068.72,2063.74,2072.09,2063.74
9/30/2016,2043.63,2054.25,2056.33,2042.77
10/4/2016,2054.86,2056.94,2059.25,2050.46
10/5/2016,2053,2043.37,2056.01,2036.87
10/6/2016,2065.3,2069.3,2070.43,2055.83
10/7/2016,2053.8,2065.95,2067.49,2051.6
10/10/2016,2056.82,2047.19,2058.73,2039.99
10/11/2016,2031.93,2053.29,2060.78,2030.51
10/12/2016,2033.73,2022.97,2037.02,2022.39
10/13/2016,2015.44,2033.99,2035.93,2014.89
10/14/2016,2022.66,2021.66,2028.76,2021.11
10/17/2016,2027.61,2028.93,2033.56,2011.81
10/18/2016,2040.43,2027.81,2040.72,2026.47
10/19/2016,2040.94,2036.18,2050.51,2035.9
10/20/2016,2040.6,2044.12,2048.25,2036.54
10/21/2016,2033,2039.4,2040.4,2029.79
10/24/2016,2047.74,2037.19,2047.74,2036.77
10/25/2016,2037.17,2042.29,2042.65,2031.25
10/26/2016,2013.89,2030.37,2030.37,2002.29
10/27/2016,2024.12,2018.24,2026.33,2015.66
10/28/2016,2019.42,2021.97,2026.85,2015.72
10/31/2016,2008.19,2011.29,2016.01,2005.95
11/1/2016,2007.39,2003.41,2010.51,1990.45
11/2/2016,1978.94,1995.41,1997.46,1976.34
11/3/2016,1983.8,1974.93,1988.82,1973.58
11/4/2016,1982.02,1983.87,1985.29,1976.57
11/7/2016,1997.58,1997.58,2001.74,1992.14
11/8/2016,2003.38,2009.56,2010.17,1994.33
11/9/2016,1958.38,2008.08,2015.23,1931.07
11/10/2016,2002.6,1989.85,2002.6,1983.26
11/11/2016,1984.43,1988.87,1994.05,1982.15
11/14/2016,1974.4,1982.93,1988.65,1974.27
11/15/2016,1967.53,1977.33,1978.94,1967.21
11/16/2016,1979.65,1980.82,1985.67,1976.63
11/17/2016,1980.55,1976.21,1983.87,1968.8
11/18/2016,1974.58,1983.07,1983.26,1968.13
11/21/2016,1966.05,1971.03,1976.23,1962.42
11/22/2016,1983.47,1976.07,1986.82,1974.05
11/23/2016,1987.95,1987.64,1996.65,1981.22
11/24/2016,1971.26,1985.11,1988.96,1968.5
11/25/2016,1974.46,1972.6,1978.45,1969.09
11/28/2016,1978.13,1976.58,1983.43,1966.78
11/29/2016,1978.39,1977.1,1982.53,1972.31
11/30/2016,1983.48,1980.38,1988.44,1977.09
12/1/2016,1983.75,1987.48,1989.08,1979.67
12/2/2016,1970.61,1980.14,1981.64,1966.42
12/5/2016,1963.36,1965.71,1971.24,1960.65
12/6/2016,1989.86,1976.51,1993.47,1976.51
12/7/2016,1991.89,1995.69,1997.62,1987.26
12/8/2016,2031.07,2008.31,2031.07,2007.57
12/9/2016,2024.69,2024.52,2026.83,2019.79
12/12/2016,2027.24,2031.95,2031.95,2020.97
12/13/2016,2035.98,2026.39,2035.99,2023.61
12/14/2016,2036.87,2043.07,2044.42,2031.18
12/15/2016,2036.65,2022.14,2040.62,2021.76
12/16/2016,2042.24,2037.35,2043.6,2033.23
12/19/2016,2038.39,2039.4,2046.03,2037.04
12/20/2016,2041.94,2044.87,2047.38,2040.81
12/21/2016,2037.96,2049.47,2053.46,2037.96
12/22/2016,2035.73,2041.61,2042.9,2033.99
12/23/2016,2035.9,2036.17,2037.71,2031.54
12/26/2016,2037.75,2038.33,2039.76,2034.8
12/27/2016,2042.17,2040.74,2044.43,2037.12
12/28/2016,2024.49,2021.86,2029.69,2020.86
12/29/2016,2026.46,2020.42,2026.57,2016.25
1/2/2017,2026.16,2022.23,2031.79,2015.68
1/3/2017,2043.97,2034.31,2044.07,2028.47
1/4/2017,2045.64,2046.29,2046.29,2040.61
1/5/2017,2041.95,2045.52,2046.5,2039.49
1/6/2017,2049.12,2048.11,2051.84,2045.66
1/9/2017,2048.78,2053.18,2053.18,2046.47
1/10/2017,2045.12,2043.3,2046.78,2039.5
1/11/2017,2075.17,2048.08,2079.7,2047.56
1/12/2017,2087.14,2077.69,2087.14,2073.89
1/13/2017,2076.79,2077.12,2080.94,2073.44
1/16/2017,2064.17,2077.03,2080.05,2058.93
1/17/2017,2071.87,2067.52,2078.8,2065.53
1/18/2017,2070.54,2073.77,2075.23,2058.35
1/19/2017,2072.79,2085.61,2091.02,2065.03
1/20/2017,2065.61,2065.54,2072.32,2064
1/23/2017,2065.99,2067.62,2073.8,2058.91
1/24/2017,2065.76,2070.22,2072.66,2058.59
1/25/2017,2066.94,2075.33,2077.72,2062.96
1/26/2017,2083.59,2074.77,2088.6,2068.5
1/31/2017,2067.57,2077.66,2079.97,2067.57
2/1/2017,2080.48,2075.31,2082.7,2073.97
2/2/2017,2071.01,2080.23,2092.45,2067.76
2/3/2017,2073.16,2075.9,2079.85,2064.05
2/6/2017,2077.66,2085.73,2088.37,2073.03
2/7/2017,2075.21,2077.8,2079.23,2071.05
2/8/2017,2065.08,2072.58,2072.58,2052.29
2/9/2017,2065.88,2067.15,2072.69,2062.12
2/10/2017,2075.08,2075.8,2080.74,2072.23
2/13/2017,2078.65,2074.94,2078.66,2070.36
2/14/2017,2074.57,2079.3,2081.59,2068.16
2/15/2017,2083.86,2073.6,2087.69,2069.89
2/16/2017,2081.84,2088.09,2092.59,2078.35
2/17/2017,2080.58,2072.57,2081.18,2072.57
2/20/2017,2084.39,2084.16,2085.59,2077.13
2/21/2017,2102.93,2085.97,2108.48,2085
2/22/2017,2106.61,2106.42,2108.98,2101.56
2/23/2017,2107.63,2106.15,2108.99,2103.11
2/24/2017,2094.12,2106.43,2107.83,2090.05
2/27/2017,2085.52,2095.47,2097.24,2084.08
2/28/2017,2091.64,2087.26,2094.41,2084.36
3/2/2017,2102.65,2105.19,2112.58,2096.31
3/3/2017,2078.75,2090.92,2091.59,2072.09
3/6/2017,2081.36,2073.2,2083.8,2067.68
3/7/2017,2094.05,2080.77,2096.79,2079.16
3/8/2017,2095.41,2092.27,2101.56,2088.19
3/9/2017,2091.06,2098.29,2100.08,2090.73
3/10/2017,2097.35,2088.67,2102.05,2082.31
3/13/2017,2117.59,2102.37,2122.88,2100.91
3/14/2017,2133.78,2127.12,2135.5,2124.42
3/15/2017,2133,2128.42,2135.38,2127.26
3/16/2017,2150.08,2154.98,2156.85,2143.01
3/17/2017,2164.58,2150.47,2164.59,2148.86
3/20/2017,2157.01,2160.32,2160.57,2151.51
3/21/2017,2178.38,2162.95,2181.99,2160.25
3/22/2017,2168.3,2159.97,2170,2158.96
3/23/2017,2172.72,2174.09,2182.42,2170.56
3/24/2017,2168.95,2171.36,2179.34,2163.34
3/27/2017,2155.66,2161.17,2165.25,2153.14
3/28/2017,2163.31,2166.58,2169.14,2157.71
3/29/2017,2166.98,2172.31,2172.31,2162.04
3/30/2017,2164.64,2170.18,2174.16,2159.16
3/31/2017,2160.23,2166.62,2166.93,2159.8
4/3/2017,2167.51,2166.04,2171.33,2161.26
4/4/2017,2161.1,2165.23,2166.94,2156.89
4/5/2017,2160.85,2161.9,2164.85,2146.98
4/6/2017,2152.75,2152.64,2153.83,2143.3
4/7/2017,2151.73,2154.87,2155.7,2142.51
4/10/2017,2133.32,2148.83,2148.83,2128.35
4/11/2017,2123.85,2129.23,2136.55,2117.82
4/12/2017,2128.91,2128.17,2129.82,2122.94
4/13/2017,2148.61,2130.64,2148.61,2125.87
4/14/2017,2134.88,2138.28,2141.61,2127.8
4/17/2017,2145.76,2140.87,2150.7,2138.7
4/18/2017,2148.46,2155.36,2155.36,2139.31
4/19/2017,2138.4,2144.98,2148.03,2133.82
4/20/2017,2149.15,2138.19,2150.43,2134.05
4/21/2017,2165.04,2161.24,2169.46,2156.64
4/24/2017,2173.74,2175.5,2177.89,2166.83
4/25/2017,2196.85,2175.7,2196.85,2174.11
4/26/2017,2207.84,2202.37,2210.61,2200.73
4/27/2017,2209.46,2201.72,2211.59,2199.76
4/28/2017,2205.44,2214.36,2217.04,2202.2
5/2/2017,2219.67,2213.61,2229.74,2212.87
5/4/2017,2241.24,2224.91,2241.24,2224.91
5/8/2017,2292.76,2245.61,2292.76,2244.23
5/10/2017,2270.12,2294.1,2323.22,2264.31
5/11/2017,2296.37,2278.47,2297.67,2271.66
5/12/2017,2286.02,2296.06,2296.51,2283.38
5/15/2017,2290.65,2288.23,2297.31,2280.6
5/16/2017,2295.33,2306.73,2309,2283.84
5/17/2017,2293.08,2291.56,2295.87,2283.01
5/18/2017,2286.82,2271.27,2288.85,2267.08
5/19/2017,2288.48,2286.78,2293.82,2282.13
5/22/2017,2304.03,2300.68,2305.21,2292.95
5/23/2017,2311.74,2308.69,2326.57,2303.15
5/24/2017,2317.34,2319.37,2322.54,2312.93
5/25/2017,2342.93,2325.49,2343.72,2321.26
5/26/2017,2355.3,2344.39,2364.8,2341.61
5/29/2017,2352.97,2362.59,2371.67,2344.25
5/30/2017,2343.68,2356.54,2358.69,2332.16
5/31/2017,2347.38,2339.25,2355.23,2338.25
6/1/2017,2344.61,2348.31,2351.31,2335.63
6/2/2017,2371.72,2353.77,2372.65,2353.45
6/5/2017,2368.62,2376.66,2376.83,2363.61
6/7/2017,2360.14,2364.96,2369.43,2356.71
6/8/2017,2363.57,2361.64,2365.52,2347.62
6/9/2017,2381.69,2371.22,2385.15,2367.81
6/12/2017,2357.87,2370.69,2374.7,2353.35
6/13/2017,2374.7,2358.92,2375.81,2358.92
6/14/2017,2372.64,2384.54,2387.29,2366.92
6/15/2017,2361.65,2373.36,2378.04,2350.37
6/16/2017,2361.83,2364.2,2365.37,2355.29
6/19/2017,2370.9,2364.02,2377.2,2356.84
6/20/2017,2369.23,2382.54,2382.54,2365.45
6/21/2017,2357.53,2358.23,2359.97,2346.19
6/22/2017,2370.37,2364.22,2370.39,2354.1
6/23/2017,2378.6,2371.54,2380.94,2369.17
6/26/2017,2388.66,2381.09,2390.7,2377.88
6/27/2017,2391.95,2386.76,2397.14,2383.47
6/28/2017,2382.56,2382.91,2390.89,2380.75
6/29/2017,2395.66,2396.81,2402.8,2393.57
6/30/2017,2391.79,2382.15,2391.81,2381.4
7/3/2017,2394.48,2397.66,2399.9,2384.55
7/4/2017,2380.52,2395.24,2398.02,2376.41
7/5/2017,2388.35,2377.01,2390.29,2375.63
7/6/2017,2387.81,2390.31,2392.5,2380.82
7/7/2017,2379.87,2376.29,2385.02,2372.83
7/10/2017,2382.1,2386.3,2389.87,2378.04
7/11/2017,2396,2386.42,2396.46,2382.69
7/12/2017,2391.77,2395.41,2399.28,2390.45
7/13/2017,2409.49,2405.76,2422.26,2402.92
7/14/2017,2414.63,2418.27,2421.48,2411.34
7/17/2017,2425.1,2427.76,2430.34,2419.91
7/18/2017,2426.04,2425.07,2426.16,2419.17
7/19/2017,2429.94,2430.09,2430.09,2419.64
7/20/2017,2441.84,2436.06,2443.69,2427.95
7/21/2017,2450.06,2438.78,2451.59,2437.84
7/24/2017,2451.53,2451.41,2451.53,2443.65
7/25/2017,2439.9,2450.76,2453.17,2437.14
7/26/2017,2434.51,2446.82,2446.96,2429.62
7/27/2017,2443.24,2443.28,2448.24,2435.49
7/28/2017,2400.99,2433.46,2434.38,2399.06
7/31/2017,2402.71,2392.02,2403.9,2388.39
8/1/2017,2422.96,2397.12,2432.62,2394.27
8/2/2017,2427.63,2431.94,2434.47,2424.18
8/3/2017,2386.85,2423.21,2423.55,2374.11
8/4/2017,2395.45,2389.74,2400.33,2383.45
8/7/2017,2398.75,2402.57,2412.13,2395.74
8/8/2017,2394.73,2404.68,2410.22,2383.94
8/9/2017,2368.39,2379.7,2387.53,2366.33
8/10/2017,2359.47,2360.95,2371.5,2339.06
8/11/2017,2319.71,2323.06,2335.12,2310.2
8/14/2017,2334.22,2336.02,2341.78,2327.8
8/16/2017,2348.26,2355.74,2358.46,2343.72
8/17/2017,2361.67,2351.61,2364.5,2346.74
8/18/2017,2358.37,2340.19,2362.43,2340.19
8/21/2017,2355,2363.38,2363.38,2351.96
8/22/2017,2365.33,2360.29,2369.02,2359.97
8/23/2017,2366.4,2376.53,2379.59,2360.71
8/24/2017,2375.84,2370.12,2382.72,2368.29
8/25/2017,2378.51,2381.47,2384.59,2372.67
8/28/2017,2370.3,2376.38,2383.46,2366.23
8/29/2017,2364.74,2356.2,2364.74,2332.85
8/30/2017,2372.29,2368.13,2372.29,2363.43
8/31/2017,2363.19,2373.96,2377.02,2355.29
9/1/2017,2357.69,2367.45,2370.25,2351.37
9/4/2017,2329.65,2316.89,2344.82,2316.89
9/5/2017,2326.62,2340.62,2340.62,2319.94
9/6/2017,2319.82,2324.84,2325.56,2314.31
9/7/2017,2346.19,2328.94,2349.79,2328.92
9/8/2017,2343.72,2350.19,2351.73,2340.63
9/11/2017,2359.08,2354.86,2369.72,2354.35
9/12/2017,2365.47,2372.02,2372.45,2359.12
9/13/2017,2360.18,2370.54,2373.61,2360.17
9/14/2017,2377.66,2365.54,2377.66,2358.43
9/15/2017,2386.07,2368.44,2386.07,2365.37
9/18/2017,2418.21,2390.58,2418.24,2389.65
9/19/2017,2416.05,2419.3,2422.05,2411.68
9/20/2017,2412.2,2420.82,2429.12,2405.78
9/21/2017,2406.5,2412.01,2415.13,2401.89
9/22/2017,2388.71,2404.35,2409.3,2381.81
9/25/2017,2380.4,2388.77,2392.44,2374.69
9/26/2017,2374.32,2371.62,2381.31,2365.34
9/27/2017,2372.57,2376.89,2377.18,2368.92
9/28/2017,2373.14,2374.1,2379.54,2365.67
9/29/2017,2394.47,2378.66,2394.47,2378.66
10/10/2017,2433.81,2425.63,2443.2,2421.1
10/11/2017,2458.16,2442.49,2458.16,2439.81
10/12/2017,2474.76,2461.7,2474.76,2459.48
10/13/2017,2473.62,2473.65,2479.73,2468.14
10/16/2017,2480.05,2483.17,2487.71,2470.24
10/17/2017,2484.37,2484.96,2487.88,2478.76
10/18/2017,2482.91,2481.53,2490.58,2475.67
10/19/2017,2473.06,2485.72,2490.94,2468.67
10/20/2017,2489.54,2477.3,2489.54,2476.88
10/23/2017,2490.05,2497.65,2500.33,2485.48
10/24/2017,2490.49,2489.31,2497.35,2487.17
10/25/2017,2492.5,2495.87,2497.41,2481.48
10/26/2017,2480.63,2489.6,2495.99,2480.63
10/27/2017,2496.63,2485.44,2499.15,2479.67
10/30/2017,2501.93,2513.87,2513.87,2497.42
10/31/2017,2523.43,2500.21,2528.32,2498.05
11/1/2017,2556.47,2535.97,2556.47,2535.83
11/2/2017,2546.36,2560.34,2561.63,2542.02
11/3/2017,2557.97,2558.37,2558.37,2539.72
11/6/2017,2549.41,2557.29,2559.9,2529.94
11/7/2017,2545.44,2548.3,2554.13,2540.67
11/8/2017,2552.4,2534.48,2558.74,2533.73
11/9/2017,2550.57,2559.93,2559.93,2536.54
11/10/2017,2542.95,2541.18,2547.61,2534.6
11/13/2017,2530.35,2548.27,2552.28,2527.2
11/14/2017,2526.64,2532.55,2532.95,2520.99
11/15/2017,2518.25,2525.6,2526.61,2511.76
11/16/2017,2534.79,2522.42,2538.28,2514.51
11/17/2017,2533.99,2546.05,2559.1,2533.99
11/20/2017,2527.67,2536.8,2542.62,2523.52
11/21/2017,2530.7,2533.85,2539.88,2525.96
11/22/2017,2540.51,2546.61,2553.22,2535.19
11/23/2017,2537.15,2542.34,2544.58,2532.45
11/24/2017,2544.33,2539.79,2544.33,2533.98
11/27/2017,2507.81,2544.74,2546.71,2506.69
11/28/2017,2514.19,2512.52,2521.06,2500.93
11/29/2017,2512.9,2517.26,2524.41,2508.66
11/30/2017,2476.37,2502.22,2506.32,2474.28
12/1/2017,2475.41,2488.92,2488.92,2472.75
12/4/2017,2501.67,2486.72,2501.67,2476.29
12/5/2017,2510.12,2490.73,2513.68,2487.15
12/6/2017,2474.37,2510.19,2510.47,2474.29
12/7/2017,2461.98,2479.55,2480.85,2452.4
12/8/2017,2464,2470.09,2473.17,2459.02
12/11/2017,2471.49,2467.81,2471.99,2457.98
12/12/2017,2461,2471.23,2471.43,2455.39
12/13/2017,2480.55,2462.42,2481.92,2457.7
12/14/2017,2469.48,2486.57,2514.61,2469.48
12/15/2017,2482.07,2488.39,2495.08,2475.99
12/18/2017,2481.88,2488.83,2488.83,2477.29
12/19/2017,2478.53,2487.83,2498.67,2470.49
12/20/2017,2472.37,2473.82,2484.5,2470.62
12/21/2017,2429.83,2471.34,2471.73,2429.83
12/22/2017,2440.54,2437.59,2444.57,2426.94
12/26/2017,2427.34,2447.67,2457.19,2427.34
12/27/2017,2436.67,2420.86,2436.68,2411.48
12/28/2017,2467.49,2439.31,2467.51,2437.26
