"","x1","x2","x3","x4","x5","x6","x7","x8","x9","x10","y"
"1",1,1,0,0,3,-0.686259893398662,0.289105624450761,1.08124825956548,-1.72100071633528,-0.468270262424952,1
"2",1,0,0,1,0,1.32785308216963,-1.34422415607161,-0.747273330917319,0.249613872533113,3.15941867219947,2
"3",0,1,1,2,1,-1.10534187260569,-0.495395379565554,-2.13017715881207,-0.372638529717578,-0.873119838100834,0
"4",1,1,0,2,3,-0.107366779621526,1.27388749788199,1.57826058858464,0.335895976964673,-0.553044873672948,2
"5",1,1,1,3,1,-0.898231746782529,-0.716664230545859,-0.023386008873516,2.38018562418227,-1.36335997273364,2
"6",0,1,0,3,1,0.375466296158916,-0.874391162002121,-0.0781733466477818,0.216677916429052,-1.2029262896985,0
"7",1,0,1,3,0,0.0371984790278276,0.35484252934736,-0.359364375278793,-0.534205682313644,-0.541405869409612,1
"8",1,1,1,1,1,1.41944958498625,1.02099187114141,1.30942263585787,-1.61036222287611,-0.401354921284144,4
"9",0,1,0,0,0,-2.44978726697021,0.886952188119011,-0.988555430048061,-0.483629461546675,-0.505567791372998,0
"10",0,0,1,3,0,-2.05064251509832,0.64993070097919,0.369209126772147,-1.76071403821008,1.2044205718101,5
"11",1,1,1,1,1,-1.76673959523713,0.141695710051146,-1.1282258449177,0.793832180930398,-1.56851410386179,1
"12",1,1,1,1,0,-0.545493167255673,-1.36692268342115,0.223508172087616,-0.53064706870418,-0.66528946692302,0
"13",0,0,1,3,1,-0.0320714570075371,2.02250902076921,-0.47244720379041,-0.865600841289516,1.26937827668012,3
"14",1,1,1,3,1,0.290807908208495,-0.474219150396757,-0.57396743844433,-0.630194352140904,0.102617780654399,2
"15",0,0,0,0,3,0.790715966469695,0.790706010692058,0.276064789916142,-0.902406184390067,-0.862373662616364,2
"16",1,0,1,1,3,0.75566162787253,0.755619711810524,-0.603431650526319,1.30005903746952,2.35303860294299,1
"17",0,0,1,2,3,-1.33198400037137,1.9124363154344,-0.34895509649908,0.144412403460269,0.79950804833788,1
"18",1,1,1,0,2,-0.619079749991023,0.577659685800548,1.434529044451,0.104159190468441,-1.5294617613523,0
"19",1,0,0,1,0,1.57935966192751,-0.0541836134160161,0.163167081656058,0.422226345940151,-0.133895612123586,1
"20",0,0,0,1,2,1.02839654362049,1.20392018885608,1.33110104527933,0.213839062512822,1.50574695917924,14
"21",1,1,1,1,1,-0.371310346979554,-0.706517404954197,0.695493557258319,0.710179390608187,0.905633639933918,4
"22",1,1,1,1,3,-0.834592798156098,-0.150786204701268,1.54837827480208,1.28498258189558,1.56609990520141,12
"23",1,0,1,2,2,-0.576922167801471,0.134579297981161,1.7247269588056,-0.640928724868202,-1.00891403685197,4
"24",0,1,1,3,3,1.20570118751673,-0.0213700825313691,-0.666082597017288,1.97701120915387,-0.502996229919152,0
"25",0,0,1,0,1,-0.0642489122727631,0.734910424195765,-0.79427777563117,-0.445840831070336,-1.19517077337997,0
"26",1,1,1,2,3,1.56321089393159,-0.287248504071979,0.420648396629204,-0.210446990689393,1.1733814831049,5
"27",1,1,1,3,3,-0.987690156079203,-0.546530668275176,-1.34828411194739,0.868415272264067,0.701439628473791,0
"28",0,1,1,1,1,-0.368460079380769,-0.976429275442082,-1.60232771249235,-0.200978328646272,0.538735451657143,0
"29",1,0,1,1,2,0.507242765170463,0.0802060323548435,2.65669983910853,-1.28384084706764,-0.470750630274253,13
"30",1,1,0,3,3,-1.27178337297723,-1.45397881361526,0.579229650129717,-0.34275302536512,-2.02137252996126,3
"31",1,0,0,1,3,0.373756317654626,-0.424499140780818,-0.526430846720521,-1.86388556871522,-0.552106547328557,3
"32",1,1,1,1,2,1.03732935597495,1.04834627685875,0.120165364426956,0.951030443615381,-0.0529655723622166,1
"33",1,0,0,3,3,1.00393072672029,-0.952832605802007,-0.80417850882985,0.160566588943862,0.622708745008102,2
"34",0,1,1,3,0,0.917507325303511,0.232024283790788,0.474995080788101,-0.711431793719411,-0.520545567201585,4
"35",0,0,0,1,1,-0.106599766395116,0.173114930392377,-0.94398187161912,0.641407174013179,0.512435358187085,4
"36",0,0,0,2,2,0.26178658568668,-0.176909452010602,-1.29395847885206,1.4012544936423,0.368675909208224,1
"37",0,1,1,0,2,-0.35853870087516,-1.20588874853255,-0.111635094092145,-2.29666669906583,2.0207622604827,0
"38",1,0,1,2,0,0.0874386013700808,-1.85031745227973,-0.36462333389901,0.390327071681686,1.11521865410056,7
"39",1,1,1,3,1,0.274473779397334,-0.268830482981673,-1.11363132830629,-0.477933122994347,0.542319389205748,1
"40",0,1,1,3,1,1.05286315962373,-0.288015044689059,0.712420781025198,0.93499078051204,-1.63474192096606,3
"41",1,0,0,2,0,-0.362037631313069,0.566582630379459,-0.874951666428873,0.0632085849225246,-1.19142989255814,1
"42",1,1,0,0,1,-0.279077628700165,0.5964057032008,-0.569904720770378,0.680185890901981,1.67514309013211,0
"43",1,0,1,0,1,-0.382038722153702,0.230003718467723,0.30014918672244,0.663202436845504,-0.851456696674612,0
"44",0,0,1,2,3,-1.33604410271197,1.26757245597845,-1.43777336450303,-2.13591773330936,-0.426759552793534,1
"45",1,0,1,1,1,-1.60451486328306,-1.62598545949258,-1.01050787242544,0.318151578750215,-1.5957149804226,0
"46",0,1,1,3,3,0.451029899401288,0.22753029601948,-0.623208139793636,2.1080857973315,-0.276364135932547,1
"47",0,0,1,1,1,-0.214991668480586,0.490648075876769,-0.993778355036045,-1.85915818268433,0.0270040828449525,1
"48",1,1,0,3,1,-0.644891623618459,1.8132866398303,0.753904351401347,-0.299346484601203,-1.54600933767975,3
"49",0,1,1,0,2,-1.564746672493,-0.591572390548229,-0.114684653641162,-0.758581190074078,0.339453130421211,1
"50",0,0,0,0,2,2.60110265491028,0.142796314121885,-0.104788189062647,0.00610981485047314,0.0463462510346022,3
"51",1,0,0,3,2,-0.611966078837079,0.725753059210931,-0.323756989782985,0.505833915586294,-0.898311049045405,0
"52",0,1,1,1,1,0.463710921509777,1.71876497760176,-0.277652248558399,-0.407678025412432,0.981096933841201,3
"53",0,0,1,1,0,0.503865025522591,-0.52604683258139,1.57327618262464,-0.399006230906232,0.340833609899001,6
"54",1,0,0,2,2,-0.653408583153176,1.56688845454835,1.47041822774636,0.300766094131686,2.07591525875883,5
"55",1,0,0,3,3,-1.02374936505117,0.560184116059447,0.225786121590682,-2.04624809054391,-0.261569322371111,1
"56",1,1,1,0,3,1.10523327304773,-0.80803419935015,0.247353976162017,1.37010389377831,-2.22005692520388,0
"57",1,0,1,2,0,1.17067075243019,-0.13248844885335,-1.06743341016922,0.107372907998984,2.19821261565526,2
"58",0,0,0,3,2,0.430304551921785,0.189215076193786,-0.558869059946836,0.71264243033221,-0.0716064903042878,1
"59",0,0,0,2,1,1.00178901752781,-1.21259907650649,-0.113593523200299,-1.47142664682169,-0.203358904408151,1
"60",0,0,1,3,1,0.915621833661823,-0.484150665576047,0.978612688251351,-0.69425864389631,0.539546699401041,11
"61",1,1,0,1,1,-0.247590728867965,-0.323863077026974,1.40149277796371,-1.64091668842239,-0.0352042953807458,3
"62",1,1,0,2,0,2.80908159445921,-1.95231851542733,1.57839285657073,-0.504006379407728,0.627788501613031,13
"63",1,1,1,1,1,-0.622067952790551,0.834079037985957,-0.85025065154119,0.638306801434024,1.6478473394203,2
"64",1,0,1,2,2,1.6100342480884,-0.241639757060631,-0.565466717795599,-0.292694284878312,0.550088122495875,2
"65",0,0,1,3,0,0.637702877277676,0.993695433967299,1.77050257166063,0.280991945103137,-0.766927873211318,6
"66",0,0,1,3,3,1.0090910548788,0.113203296001934,-1.57203884282089,-0.0483324254996287,0.206207007450408,0
"67",1,1,1,2,3,-0.332482957070919,0.100617597278202,-0.192208876795726,0.510046354597418,-1.74980916029704,0
"68",1,0,1,0,0,0.172657148491621,0.553635168427939,0.287793298902507,-0.120916072993523,-1.23545513501906,1
"69",1,1,0,1,1,0.548221797095175,1.08642380446209,-1.4391429192032,0.610063091857223,1.10389014673113,2
"70",1,1,1,1,1,2.15118233697435,0.590523711284704,2.82777055950415,-0.325841607852967,1.8067910887551,38
"71",1,0,0,1,3,-0.431837262326051,-1.58198412236425,-1.03484492527334,-1.33445167365207,-0.0553360621906448,1
"72",1,1,0,3,0,-2.61055897414427,-0.511398497216847,-0.941948592274706,-1.72604018749364,-0.0860940606507136,0
"73",0,0,1,3,0,-0.0818136764421931,-0.292516847556789,0.61285616849398,-0.658945614291714,-1.08641214496489,4
"74",0,1,0,1,1,1.82305642931677,0.32978524171055,-1.03841975504482,-1.68399926173602,-0.825005705560411,0
"75",0,1,1,1,2,1.30630329536256,1.10785555426914,2.58196271373365,0.187291090159323,-1.08196578703057,9
"76",1,0,1,1,2,-1.14516480594289,0.846302073976551,-0.606464505187625,-0.605632233713004,0.520776062206277,1
"77",0,1,1,3,3,0.14996384377647,-0.0117034188449262,0.0573361096583427,-0.155156977953243,1.50565700519965,4
"78",1,1,0,1,3,-0.589350617968475,0.290797419753836,0.0377419090926745,-0.645958790438078,1.83649050136902,1
"79",1,1,0,1,2,-0.606768798347781,0.187616337613739,-0.691007597828755,0.0370618507342216,0.205804395608167,2
"80",1,1,1,0,0,0.564499862392957,-0.0715148811088178,-0.138192219182782,0.0740955328428642,1.00728907514083,2
"81",1,1,1,0,2,0.680519997469046,-0.151358236766213,2.14831352697918,1.48587660204081,-0.158623734223256,5
"82",1,1,1,2,1,0.338632138466661,0.455599506072977,0.330874495100981,1.37355171233748,-0.176871509481355,3
"83",0,1,0,0,1,-1.41115818042395,0.874406775229086,-0.660250496485515,1.30596982987008,0.812571069433009,0
"84",1,0,1,3,3,-0.218582606813943,-0.682172453324103,-2.01035220758034,0.2521499765171,0.0655975743058473,0
"85",1,0,0,1,2,0.247556459814165,-0.362958606256206,0.633252881810898,-0.196381572210672,-1.25080455461242,1
"86",1,0,0,2,2,0.461431714476481,-0.397433874435358,-1.54797786100161,0.445565519898157,-0.452553823488375,0
"87",1,1,0,2,3,2.31359320288518,0.162471590267935,-1.74524506559151,0.370678692944001,-0.675760922270388,0
"88",1,1,1,0,2,0.0657709723673122,-0.809157969195857,0.184660841092546,1.25897623219569,0.470812532845451,2
"89",1,0,1,0,1,2.80048336591509,-1.01744761987965,-0.537634594637793,1.71078880465119,0.0692493492537981,0
"90",1,1,0,3,2,-0.36383757654181,-0.0275020822626843,-1.15554676672629,-0.570966087100293,-0.353737340258296,0
"91",0,1,1,3,1,0.186785606682403,-0.538911551548731,-1.72076355998441,1.24236004717007,0.425258035465818,0
"92",1,0,0,3,1,-0.521477327028015,1.14925031005886,-0.361758937778168,0.383666886112487,-0.547825306958208,0
"93",0,1,0,0,3,-0.847923823911641,0.0269024351853607,-0.241757393993911,1.34834228223734,-0.228013741502938,1
"94",0,0,0,3,3,0.0555839593839394,0.535020602733874,-1.84412184478166,0.577142475585344,-1.52561849068289,1
"95",1,0,1,1,2,-0.412164648702533,0.284161910369275,0.892467341149123,-0.060218765383923,-0.777473954052114,0
"96",1,1,0,1,0,0.822564030747816,1.19805699405407,-0.511147283223397,1.03093961120162,0.215939191042296,0
"97",1,0,0,0,0,-0.504068778381906,2.49998073500931,0.669309167328511,-0.904063927890577,-0.450403340122349,0
"98",0,1,0,1,0,-1.31380398028929,-1.38918406351722,-0.149430277361358,-2.93100205688736,-0.725198018904709,1
"99",0,1,1,2,0,0.0944059640079022,0.842881572067426,-0.0388538381652458,1.44644041779374,0.0905918269344815,2
"100",1,0,1,3,1,0.077764735398924,0.145925570775542,0.280302537108115,0.134306656936586,-1.58213157411854,0
"101",0,0,0,3,3,2.15464049860856,1.88739569103324,0.460285611746627,-0.0201809610132648,1.06236908615421,8
"102",0,1,1,3,1,-1.43236928236992,0.355083909326038,0.274445473524776,-0.127134611799238,0.131156684095552,4
"103",0,1,0,2,0,0.15419476146377,0.0518816145068964,0.0631110979561288,-1.42972982173885,0.19302261071599,2
"104",0,0,0,1,3,-0.988018686198787,-1.95621232455414,-0.520472103905533,-0.358452247812122,-0.808545975488763,0
"105",1,0,1,0,2,0.0620944047610361,-0.462932522648823,-0.481171694851345,-0.778680029280504,-0.780795601412538,0
"106",0,0,1,2,2,-0.661830890602281,-1.42201852092593,1.68236812066815,-0.096849446871041,-0.435229585745199,3
"107",1,1,1,1,3,0.264377660452417,-1.17952543956739,-1.73685986955613,-0.593600140942742,-0.638705170057589,0
"108",1,1,0,1,2,0.747714767670549,-0.384294858515249,0.212038195847441,0.527795997526709,0.36391491087233,3
"109",0,1,0,1,1,-1.31305404861321,-0.0810737351887944,-1.12735595687641,0.788166675854504,0.818295123230642,1
"110",1,0,0,3,2,1.29329478367682,-0.979683403667308,1.12674101390639,-0.607704527621531,-0.671222730279926,0
"111",0,0,1,2,3,1.61635395286921,1.34634848852326,0.140098076520043,0.242052385651674,-0.541103899912355,2
"112",1,1,0,1,0,2.03393359182318,-0.278382332501817,-1.90591255677031,-0.791643604475189,-0.0325653628786608,0
"113",1,0,0,2,2,-0.345626360584658,-1.27081762280793,-0.236186691506191,-0.000677869812259109,-1.79770009852963,0
"114",0,0,0,3,3,-0.699715381511389,0.449811860474923,0.521274126387192,-0.685690008141981,-0.228550223006778,5
"115",1,1,0,3,1,0.594914047882437,-1.68723390777058,-0.106081432357538,1.60100060842964,0.00983571315581052,1
"116",1,0,0,1,0,-0.51233269768496,-0.993887715839724,0.0524365918746595,0.87430148070458,0.788569450095308,4
"117",0,1,0,0,2,2.06926802568619,1.42203438294124,1.21304350507104,0.18508567142238,-0.157693067751608,6
"118",0,1,0,0,2,0.264651145492194,0.755067979794734,-0.473618630993924,-0.153561906458736,-1.25927053655394,2
"119",1,1,1,2,1,-0.428570247882098,1.53092807572284,-0.790872033403528,2.23824436729829,-0.928834984504333,0
"120",0,1,0,1,0,-0.594184608335704,-0.0225780024237083,-0.843174664496028,-0.428532919950734,-0.328374639464052,0
"121",0,1,0,2,3,0.314729532534121,-0.183009916554954,0.275882409808821,-1.8364953675938,-0.254011578644096,2
"122",0,1,0,1,0,0.786424244759948,0.155765321821717,0.772055951107806,-0.0810704227286057,0.155565722371841,4
"123",1,0,0,3,2,-0.0305308918876736,-0.919011091948965,0.13863612150424,0.195418586962397,-1.26129509791657,0
"124",1,0,1,1,0,-0.488871804146996,0.0279394866908069,0.141067522961184,-0.589918505964202,-0.210819500538396,0
"125",1,1,1,2,0,0.256849908250058,-0.736763658074558,1.12693758019324,-0.629109738273531,0.699513265834045,5
"126",0,1,1,3,0,0.0678430298591801,-0.300480969869505,1.06506514255987,0.138503143651612,-0.439664598124464,3
"127",0,0,0,2,1,-0.990198465657601,-1.06930747935973,-0.373862884870143,-0.187960767060117,0.76200134388375,0
"128",0,0,0,1,3,1.16080866400062,1.79995226204512,1.38892853947137,1.42706378010615,-0.00937068130115202,1
"129",1,1,0,1,3,-0.863636788474929,-0.884098122890813,2.14308042970653,-0.548147826622314,-0.769653468196548,6
"130",0,0,0,3,0,0.825345372225379,0.700212012393787,0.293142698520085,-1.94278324369368,1.40194054938558,5
"131",0,0,1,2,0,-0.438683559177694,0.943553306383515,-0.368443993155589,0.295601841157459,-0.250636854753421,2
"132",0,1,0,2,3,-1.19627345454091,1.10833743493392,1.16938009855648,-0.908298847725001,0.447991920679856,3
"133",1,0,0,2,1,-1.15136809243975,1.07709623861207,-0.71575075535921,-0.649934505730628,0.289159997288218,1
"134",0,1,1,0,1,0.072721964922669,1.26885583526487,1.29137613055061,-1.3405730497792,-0.313500525800161,3
"135",0,0,0,3,3,-0.142670420579443,0.0585941875458424,0.293056003709586,0.435164255778475,1.03288145113191,4
"136",0,1,0,0,2,1.3491024599829,-0.86927938873957,-0.368898136840044,2.4704496711912,1.73164653161823,2
"137",1,1,0,3,0,0.780654828210636,0.84431831726273,0.481056421500982,-0.220572658298005,0.473003026811418,7
"138",1,1,1,3,0,0.942186927220303,-0.966815231189075,2.06177183831484,-0.166744604986195,-0.0914804530894595,12
"139",0,1,0,0,1,-0.208115494758414,-1.2724361020339,-0.00895135442308089,-1.81342438975214,-1.04161496721102,1
"140",0,1,1,2,0,2.36769998138089,-0.823959798404432,-1.0664266576543,0.126699844294221,0.928452716840294,3
"141",1,0,1,3,3,-1.14380531105724,0.422817540286492,0.115852144875826,0.563966812423057,0.974967730721355,2
"142",0,1,0,0,1,-2.02170484684301,0.611882814277954,0.353612072046757,-0.362816339067786,0.176436911769989,1
"143",0,1,0,1,2,-1.3121941766389,0.789163535919491,-0.151684887460334,0.292516256281649,-0.43004363273665,1
"144",1,1,0,2,0,-0.600452247751424,-0.105047052921631,0.559991098465741,-0.0813503816992691,0.228128713297478,0
"145",1,0,1,3,2,-0.480353983183065,-1.62200501249334,1.22694459583537,-1.20253266448313,-0.326586708747334,8
"146",0,0,1,3,3,-0.541342957205024,-0.610462063896075,0.410002218138593,-1.25745056897841,-0.419541483615463,1
"147",1,1,1,3,0,-0.0610100853400743,0.540051069527829,0.96704165181554,-0.77264814484103,-0.57422039410639,5
"148",0,1,0,3,2,-0.701865134905768,-0.204199656473531,-0.592818198797738,-0.642139028257463,-0.066388280102421,3
"149",1,0,1,2,0,-1.39639901740372,0.0353505067789392,0.906216652686378,0.403123379650651,0.603013024566401,4
"150",1,0,0,0,3,-1.54828656437226,1.01175118807286,-2.1447626270252,-0.3545373926991,0.262290170995266,0
"151",0,0,1,2,3,-0.813781275996777,0.587373754767125,0.43240848132146,-0.265721067376032,-0.8414926919374,1
"152",1,1,0,3,0,-0.084750469245065,-2.39688479998988,-0.665867140767363,0.253710086609031,1.21929244968581,5
"153",1,1,1,2,3,-2.08923483438946,1.0183628452496,-1.33846716737015,-0.0657251986183801,-1.22112470452204,1
"154",0,1,0,2,0,-0.24891181708462,-0.248593563118234,-1.7123230247711,1.12700574651353,2.25529147995774,1
"155",0,1,0,3,0,0.199727928602071,0.754359626168218,0.213276737959988,0.809347445325766,-1.12749893556087,1
"156",0,0,0,2,3,0.763662429373808,0.586225731257236,1.31635858852825,-1.04271632627625,-1.4759195623011,1
"157",0,1,1,2,1,1.5796753105132,0.628178106703296,-0.753264544489522,-1.55286564786842,1.74700744599096,3
"158",1,0,1,2,2,0.00305349027897246,0.0237847669410106,-0.578013757103602,-0.391515955489319,-0.141636885322361,1
"159",0,0,0,0,0,-0.0746364326195242,0.899770335805496,0.674369457471849,-0.326863220082665,-0.373909828588365,3
"160",0,1,1,3,0,-0.832109333738275,-0.0292320821176952,-0.371512063510179,-0.620690979918046,-1.60537081722423,0
"161",0,0,1,3,1,0.264768695379881,-0.10297211285229,0.512587430502959,-2.32825697779351,-0.28545974586909,4
"162",0,1,1,3,2,0.104981907079925,-0.221716981559635,0.875187708824216,0.668298333008767,0.0676566890791741,4
"163",0,1,1,3,1,-1.02755342104071,1.78198602683937,0.156661975481385,1.1266547392996,-0.197402498339118,2
"164",0,0,0,2,1,0.076963971859938,-0.483390848474715,-0.286967887800137,-1.27314278439698,-0.942173396605136,1
"165",1,1,1,0,0,1.00128282869213,0.113963718952313,0.170923116434458,-0.217968692886287,-0.342745893760593,1
"166",0,0,1,1,0,1.5878699615734,-0.192390355751791,1.00751874276708,-0.406490868214639,0.751938102912402,6
"167",0,1,0,2,0,0.340444068073768,-0.0501627059037534,0.271221268020214,0.126307641350021,0.372477425071577,2
"168",0,1,0,3,3,1.22910549149937,0.424590360108994,-1.73269740145156,0.0307284954918415,-0.672715954918737,1
"169",0,1,0,0,0,0.625487072733357,-0.104259829845808,-0.169092016972989,0.117863790268958,0.118323937004825,4
"170",0,1,1,3,3,0.760439441652601,0.371297021825412,-1.95094682055135,-1.23903081234614,0.765934071877161,2
"171",1,0,0,1,2,0.670488910159121,0.00641046788622415,0.51665479811846,-0.770006678483855,0.523937978861712,3
"172",0,1,0,0,1,-0.720504229574959,-0.481675756184126,-0.517604010549612,0.204344489348618,0.934489581499556,0
"173",1,0,0,3,0,-0.649043472496997,0.371131170791849,-0.260334846538444,-0.232487550764257,1.80282480544165,1
"174",0,1,1,3,3,0.154041631283734,-1.45362414916492,-0.576417647460259,-2.23993315797834,0.944810628360071,3
"175",1,1,1,2,2,-0.495268090399971,-1.34870345060584,-1.66641455992313,-1.55257304784216,-0.819807934808905,0
"176",0,1,1,1,1,0.136039048294527,-0.782908645494539,1.25454301860075,1.72309906116615,-1.49772363344136,1
"177",1,1,1,0,3,-1.80172725985654,-0.0342215529280611,-0.174069561388552,0.576559238863253,-0.75886260511236,0
"178",0,1,1,3,0,2.13992640899968,0.0263757044376832,0.0682195472117746,0.858221413601463,1.13527536524308,9
"179",0,0,0,0,3,1.10733656556437,-0.592556115526808,2.51616885067707,0.507529121556961,-0.318607397808723,9
"180",0,0,0,0,1,-1.61909394076944,-1.79584574445503,1.19469893943533,-0.908344201347206,1.28315612936259,4
"181",1,1,0,0,3,0.578110340362215,0.296398093264426,1.16796884825326,-0.198079880654165,1.27231419463704,8
"182",0,1,1,1,2,-0.158146114782536,0.0433438634318815,-1.34396314110254,0.0513113681425811,-0.270594486826641,1
"183",1,1,0,0,3,0.0833427699922091,0.594379080631832,1.36958633422968,-1.14918717650699,0.481355908612004,4
"184",1,0,1,3,3,-1.550189010688,0.324307069029297,1.33736988883995,-0.27826458291782,-0.667162676360631,3
"185",1,0,0,3,1,1.53361139169069,-1.6964080497692,-0.584206534742205,-1.25288857840779,-0.782710689052928,4
"186",1,0,1,2,1,0.580085790610326,0.23768951607728,0.17281280004261,1.3110001512163,0.0264738940444545,1
"187",1,1,1,1,2,1.26475319792181,1.12447939554006,-1.8413458271332,-0.367716309627616,0.760838284036986,2
"188",1,0,0,3,0,-0.0773517816815385,0.358853296233421,-0.11949009150989,-0.155866192443794,1.44283514064507,4
"189",1,0,1,2,3,-0.330776867042022,-0.676943377569341,0.366534443616643,-0.337460250718712,0.812170153780813,1
"190",1,0,1,1,0,0.18331214795969,-0.818445284263162,-0.121242085430153,-0.357646932289727,0.113377820099455,0
"191",1,1,1,0,1,0.654300268856917,0.891694799238286,0.981568900601886,-0.967384839557694,0.750149916823239,4
"192",0,1,0,1,1,1.47981390434719,-0.624519713794369,-0.542824093691582,-0.49880110660544,0.288990762103704,6
"193",1,0,0,0,1,-0.723010309518159,-0.9112031486626,-0.682868017484063,-1.56939557000049,0.402712847897013,1
"194",0,0,0,1,1,1.50697447561642,-1.01137434261746,0.0831443933865287,1.90600496457074,0.764675584430598,3
"195",1,1,0,0,1,-0.0804952465874182,-0.730701404196053,0.615629704432982,-1.41882583307452,-2.41142699429045,1
"196",0,1,1,0,1,0.297997604683064,-0.824552728634523,0.758890605429388,-2.11558581465208,-1.44103591356254,1
"197",0,1,1,2,0,-0.478765445661905,-0.116212845826122,-1.22113382371689,-0.76577987089678,0.198316114181792,0
"198",1,1,1,1,1,1.77038136423021,-1.15207278629812,-0.0685042668838625,0.483205912849988,0.495429469149058,4
"199",0,1,1,3,3,0.369616193993685,0.546642987160602,0.0787076736490347,1.79114335897455,0.0695554820015422,1
"200",1,1,0,1,1,0.456085292816952,-1.67253630713729,0.51343418971939,-0.269772140396615,0.920666965855397,2
"201",1,0,0,1,0,-0.00742336873866291,-1.41756252215276,-1.46649333746157,-0.85965366825604,1.91334005672836,1
"202",0,0,0,0,3,-1.72262069365028,-0.469530448002467,-0.855354005567661,-1.75237597861974,0.314942762602835,0
"203",1,0,1,2,1,1.28014418339644,-0.700291384404632,-2.8024029418847,-0.0790095351423457,0.378388064987501,2
"204",1,0,1,3,0,-0.82540557925877,-0.751314496329378,-1.675404302574,-0.419444570624524,0.970161985617675,2
"205",1,0,0,1,0,-0.430336885502786,-0.0849949745291194,-1.18841409340779,2.01340977099942,-1.18577237095767,0
"206",0,0,1,1,1,-0.217258838963744,1.14969402883436,-0.466517002272162,0.91304599106898,0.760452637827651,3
"207",0,1,1,1,1,-0.831327890804167,1.42352842771273,-0.874673005302201,0.446479192740305,0.813999408701502,1
"208",1,0,0,0,3,-0.219761275921364,-0.781006301099949,0.971115410235923,0.642801350807632,-1.56809624687562,0
"209",0,1,1,3,3,1.80168768837829,0.498172016102782,-0.185190097412762,0.182889183743884,-1.53575942131574,2
"210",0,0,1,0,3,1.33071438746991,2.42017655313247,0.0931427148114105,0.401404353141645,0.758477708653756,2
"211",1,0,1,0,2,2.18313994929477,0.0304764332867357,0.111142023590705,-0.704737227485396,0.683981773709953,5
"212",0,0,0,3,0,-1.25404061688408,1.08767828413993,-0.514328818006417,-0.71739393754911,0.826356543284994,1
"213",1,1,1,1,1,-0.338494306028208,0.665715729253115,1.0930896542144,-0.217597757841348,-0.359419803730293,1
"214",0,0,1,2,1,0.381108184860806,-1.24848161135545,0.0989895155640215,0.391835045902167,-0.220783211883147,2
"215",0,1,1,3,3,-2.19463777895603,1.35711360984733,0.712324368232759,1.61008939839347,-0.537623855855513,1
"216",0,1,1,3,3,-0.559566725429047,-0.208021002975415,0.155543503064515,0.34534454280228,-0.0672037379660612,1
"217",1,1,1,2,0,-1.3190872796301,1.2670682546231,0.596725122340044,-1.61276663843946,2.0858191538986,6
"218",1,1,0,3,2,0.401721058111318,0.00550757601401159,0.399274351919897,-0.465727697538502,0.717404854610099,3
"219",0,1,0,2,2,-0.830300701463969,-0.754543808200165,-0.502941344933079,0.702189852785704,-0.631983410863688,1
"220",1,1,1,0,0,0.592071560769182,-1.60004644420643,-0.650338348428778,-2.08743815941697,0.138804491330699,1
"221",1,0,0,3,0,0.39374880703296,1.10593769283902,-0.775042376155323,-1.76147100764703,0.369207822214631,2
"222",1,1,0,1,2,0.801678792248008,0.346326702235303,0.410189089925192,2.13939782599367,-0.132561861908859,2
"223",1,1,1,0,3,-0.459685789420018,0.635778862969994,0.245451583574411,-0.960504455786076,-0.662589139175391,1
"224",0,1,1,1,2,-0.798959477835732,-0.0151387138815966,1.32069683722978,-0.915708381789083,0.187048347249084,3
"225",0,0,1,3,2,-0.646957203496384,0.162731231327236,0.563004716635858,-1.5036985420258,-1.16859667064382,0
"226",0,1,1,1,0,-1.14051578053296,-0.237654664936821,-0.0527895487385196,0.811330502717426,-1.75026134354248,2
"227",0,0,0,2,0,-1.03938502223952,0.731054085517922,-0.565527222840509,-1.2314301652718,0.539341356803179,3
"228",1,0,0,1,0,-1.67372540512815,0.121421704725994,1.55933355085889,-0.0394123702274637,-0.732451736001632,0
"229",1,1,1,1,3,1.16046164847464,-0.623305968176466,-0.466070553927065,0.171955584209144,1.12732775399402,1
"230",1,1,0,3,3,1.12588106237013,0.981633895540597,1.54731143667388,0.287081845559478,-1.19007652578656,2
"231",1,0,1,0,0,-0.170086096429346,-0.557109365170941,1.25284069485603,0.644556616146128,-1.00953986122925,2
"232",1,0,0,0,2,-1.78668983465927,-0.144567009151317,-0.0845629911637133,-0.485987031700838,-1.16079701279695,0
"233",1,1,1,3,3,0.667496458031898,-0.49893041445496,0.978105251169307,-1.65290524906514,0.654290336817789,6
"234",0,0,0,2,1,-1.27727585009207,-0.409307910687774,0.292301152172981,1.14561121359747,0.431209604855274,2
"235",0,0,0,1,2,-0.591141802927274,0.0607798686405487,1.70863730109974,-0.393013075097079,1.37776281338871,11
"236",0,0,1,1,2,-0.879032450429546,-0.470336524348056,-0.0271792184865323,-0.921360343911604,-1.57241546644572,1
"237",1,0,1,2,0,-1.01328789684285,0.420019212171943,-1.47999242843917,-0.917952771198923,0.269479888592246,0
"238",1,1,1,1,3,-1.44714112507311,0.889912303168631,0.102191451318289,-0.295349726634468,-1.86180235529343,1
"239",1,0,1,3,3,-1.28909551080717,-0.91097775924589,-0.785172583761518,-1.39021320854511,1.09557674332704,1
"240",0,0,0,3,2,0.319146079991423,0.20501249815983,-0.146863079714268,-0.993186782604496,-0.318642796672275,0
"241",1,0,1,1,2,0.281483690981342,-0.280666976620152,-0.643559582639393,0.543735797379938,0.754428077155705,2
"242",0,0,0,0,1,-0.0841940497837663,-0.278526253886765,1.61518019239853,1.07123213648603,-1.21380181134415,2
"243",0,0,1,1,0,-0.190721179481222,1.01892164506194,1.44156081568662,1.83678813342744,1.14047725621618,14
"244",0,0,1,2,2,-2.67836837191566,-1.35231919574378,-0.954288889653435,-0.612677200776128,1.70081553802644,1
"245",0,0,1,0,0,-0.578417097936764,1.26039606628986,1.41361669822118,0.0395349450511331,-1.94972255554556,1
"246",1,1,1,3,2,0.545761601026826,-0.668065391725953,0.2566133670437,0.462939634437472,-0.573432098275383,0
"247",1,0,0,2,3,-0.681304217965898,0.677938972967502,-0.363649337009483,2.18878847481849,-1.95863400870716,0
"248",1,0,0,3,1,-0.489460656000777,-0.583244982974308,-1.86948454536918,0.64059824395991,1.00329263310061,1
"249",0,1,1,3,1,0.743146935047636,-0.367747775341574,0.596642153671932,-0.208050494227856,-1.87989397001447,0
"250",0,1,0,0,3,1.65124112438577,-1.29350452790116,0.528071838381873,-1.12825686135914,0.197218430541379,2
"251",0,0,0,1,1,-1.57411724602199,-0.457915289058152,0.17120991098982,0.296801386628303,-0.943409381107881,0
"252",1,0,1,1,1,-1.46584273725944,1.45962775715201,1.74860154335925,-1.07358662453849,-0.788030349385675,3
"253",0,0,0,2,3,-1.13166028742983,0.203164370555728,-0.87992550430911,-0.833773480218842,-1.17026308255324,1
"254",0,1,0,1,1,-0.325161491652211,2.40979676014334,1.28686737793975,0.55609087147213,-1.5692045465402,1
"255",0,0,1,0,1,-0.664030869757849,0.308716616912602,-0.547816999348029,-0.986255566756085,0.550399456122735,1
"256",0,1,0,1,3,1.35707933995768,0.702656588771533,0.304552687501155,0.260766976120395,-0.0344272902051721,1
"257",0,0,0,1,1,-0.656349979383288,0.567553011239549,-0.470907382241708,0.473458947711549,-1.49478622101441,0
"258",1,1,0,3,0,1.25123742806495,0.266567891773875,1.23244725988826,-0.259969051485336,-0.713467207927305,1
"259",0,0,1,3,3,-1.2475082193481,0.412514191573772,-0.465625415995897,0.462344320551038,0.578174056726454,0
"260",0,0,1,0,1,-0.0147505423431142,0.53514628267526,0.177485233140437,0.947874830593556,-2.18206393093279,0
"261",1,1,1,2,0,-0.326787566347369,0.0726501593360993,0.431551695928272,-0.484388620612313,1.61394802887779,3
"262",1,0,0,0,3,-0.288562706989024,0.451151744898012,-0.269192629549565,0.0731591841009249,0.61852197260067,0
"263",0,1,0,2,3,-1.55136436794336,1.0481713262602,-0.109133730952617,0.605172085783183,1.34611394900139,2
"264",1,0,0,1,0,0.531305931347397,-0.191635912712042,-1.04616062930206,0.499919190665664,-0.0418745202694973,0
"265",0,0,0,3,2,-0.414560650665873,-0.112049368069918,-1.03091037528184,1.14915055135917,0.55972406116709,0
"266",1,1,1,2,0,-0.668272924693706,0.354524080587502,1.1500140847917,0.139570118191708,-1.16142997645873,1
"267",0,0,0,0,3,-0.697739196015189,-0.403615058621051,1.45611935285925,-0.512275637977112,-0.308963308670782,1
"268",0,1,1,3,3,0.693860886957423,0.500445916867697,1.74691290251525,-0.871229142501593,-0.343966286538542,7
"269",1,0,1,1,3,-0.222963949554554,-0.176086996276077,0.733734854574355,-0.13971861370741,0.157234911075303,1
"270",0,0,1,1,3,-0.309329307656881,0.8596514857387,1.4024585847146,0.62542404283076,0.198957033861974,3
"271",0,0,0,1,2,0.910361256166426,-0.752993253680189,0.514515662905399,0.130211010406661,-0.00614070395090895,1
"272",0,1,1,2,2,-1.26830586289489,-1.00854222302829,-0.612925959995761,0.291275944390526,0.396402548368281,2
"273",1,1,0,2,3,-1.38201901485864,-0.571367958777505,0.755900806936323,2.58591046571364,-0.72880190330338,3
"274",1,0,0,2,1,-0.447960622619619,-0.56451446099,-0.15036247002189,0.520372050081684,-0.241166990196345,1
"275",0,0,0,1,0,-0.944570044776759,0.143024587942635,0.438857381329817,0.121752824443891,1.12798041191853,6
"276",0,1,0,3,3,-2.18394386884258,-0.352999057066265,0.590615608341621,-0.359310401693558,-0.857644682587613,1
"277",1,0,0,0,2,0.0696843090810811,0.985953639290085,-0.419599357385985,0.0563065214118901,-0.432847158437065,1
"278",1,1,1,0,3,-0.181444470833523,-0.908498480799761,0.0886040974903355,1.28885127936162,0.706580260036525,2
"279",0,1,0,1,2,-0.525031736377653,-0.998734868459623,-1.00957184751316,-1.1988823864028,1.4607581037208,0
"280",1,0,1,1,2,-2.25870929422641,-0.152775293489887,0.643230632010576,-1.00152745793632,-1.8843235426434,0
"281",0,0,0,0,1,0.516429806991167,-0.628342894306757,-0.7286437249419,-0.337841025313003,0.913386700232757,0
"282",1,0,0,2,1,1.02138825430584,-1.62969115976017,-0.879934587220344,0.0771894833361491,0.690915837482745,2
"283",1,1,0,1,1,0.370889711838358,0.737826292979933,0.446083387129893,0.570756374151889,0.75261233223392,3
"284",0,0,0,1,3,-0.155370616553152,-0.648875105130595,-0.258526533762751,0.316608671694728,-0.609086726817894,0
"285",1,1,1,3,0,-0.0216243625058475,-0.0784285398761038,-0.547278867576891,0.897112393069654,-0.523601862667889,0
"286",1,1,1,0,1,1.16738380010771,1.0135065990623,0.451289254238702,-0.067930414740193,-1.4299345300599,2
"287",1,1,1,2,0,0.645218059736283,-0.543325510250422,1.13755587309229,-0.730818339764675,-0.198049224910301,5
"288",1,0,0,0,2,1.44181578050991,2.34843819804179,-1.49674608825095,-0.331630465762656,0.251544474219258,0
"289",0,0,1,3,3,1.32101552277483,0.487647604543398,-0.848199226401882,-0.447768938167576,0.796216334796527,2
"290",1,1,0,1,2,0.943867920283893,-0.557045128263885,-0.920464903392416,-0.172984369918884,-0.19583598526374,0
"291",0,1,0,2,2,0.0996525312675112,0.656170921999689,-0.152327393469206,-0.539336410641266,-1.0344517898139,1
"292",1,0,1,3,1,-0.97521948802723,-1.08325677176742,0.256541273327843,-0.0495963841641519,1.4174227202963,4
"293",0,0,1,1,0,-0.147447111057266,0.22885540214014,1.93558103965466,2.47244292928215,1.58551574710156,20
"294",1,1,0,0,0,0.0273956378629858,0.878593190737802,-0.158662674350606,-1.4983418703704,-0.564783513103686,1
"295",0,1,1,0,3,0.0440977225233532,-0.0915057169292597,1.30955401134908,-1.12683464884362,-0.0792341978592588,2
"296",0,1,0,1,2,0.129090803450435,-0.85991828424906,-1.46710273167624,-0.600119367666785,-0.619855787625167,2
"297",1,0,1,3,3,-0.20451887023602,0.234510303635434,-0.964997313814289,-2.09778974432127,0.113896181387,1
"298",0,1,1,0,2,-1.38931912997537,1.55865971687301,-0.995593363279555,-1.42118737429696,-1.19297218602324,0
"299",1,1,1,2,2,-0.819700091984793,0.484472105922044,1.21626624724987,-0.922158562780579,1.28712258905721,10
"300",1,1,1,1,2,1.16859648385157,-1.94858567836137,-0.699882308521112,-0.290678626356001,-0.0936119648765145,1
"301",0,1,1,3,3,0.698090691830068,2.23895394902697,0.0653952163939081,-0.20793695823161,1.26592586754721,3
"302",0,1,0,0,3,-0.826037170187767,-0.0597305695029706,-1.22131573790739,-0.0402401002341593,-1.48696031602204,0
"303",1,1,0,0,3,0.491669658330587,-0.29872966353116,0.0597824931780859,-0.149930373170107,-1.04343327513987,3
"304",1,0,0,1,3,-0.679563830805558,-0.198675743665427,0.1012217265689,-0.0237634318526787,0.342598867959417,1
"305",1,1,1,2,2,-1.9780864988527,1.76083425485813,0.150421171251398,-0.334082053559137,1.43848603621732,3
"306",0,0,1,0,2,0.34650662017622,0.641496215963656,-1.07578800576611,-0.283748457297251,-0.785115708723459,0
"307",0,1,0,0,2,-0.417526973592896,0.163842175602335,0.994269200063377,0.167028043407947,0.75811039657375,5
"308",1,0,1,0,1,-0.277481506713089,1.3227813804887,0.78391736604349,0.0493599486731732,-0.39095492995224,1
"309",1,0,0,0,2,1.78441646667311,0.315629225775746,-0.6940740995558,0.764098309996307,-0.198791951000393,1
"310",0,1,1,3,1,0.514762643076647,0.850771353895292,-0.231578312516307,1.56895238631154,-0.374035832097397,0
"311",0,1,0,3,1,-0.98372644369611,-0.799611598970409,0.798683524172198,0.603129736835252,0.576859545849175,1
"312",1,0,0,3,0,0.23464478642324,0.742258954730584,1.01078635433142,1.06008498852701,-0.128222202855514,4
"313",1,0,1,3,2,-1.03763737332853,-0.201156774425576,-0.549367036325295,1.86884066878436,-1.64992156822111,0
"314",1,0,0,0,3,1.23929928677988,-1.7376674691493,0.0369069020629606,0.798052793338338,-0.0324475480078934,1
"315",0,0,0,2,2,1.16384188974936,-0.959345147869619,-0.532211786163608,1.14960633417108,-0.813443606932256,1
"316",1,1,0,3,1,-0.687726499011186,0.233325473049949,1.53769044522098,0.356305493217492,-1.53937342827175,2
"317",0,1,1,1,1,0.478817086406366,0.357428948867085,-0.704805011380709,-1.85703226707899,0.141589075273041,2
"318",1,0,1,2,1,-1.71763108430186,-1.13907472745621,-0.466296844087841,0.209708872482623,-0.924072834156398,0
"319",0,1,1,3,0,1.44449619593743,-0.682277880697657,0.497672132486102,0.0121304410632117,0.501916451896734,4
"320",0,1,1,2,0,-0.936717367933255,2.09500777815233,-0.484543742978434,-0.428002796629125,0.612884622213305,0
"321",0,0,1,0,3,0.857658750389955,1.69962935062492,-1.03891756593303,-1.42335630009853,-1.1524316742374,0
"322",0,0,0,0,1,-2.29722792900968,-2.63861845105032,-1.55675380105984,-1.74934561021489,-0.299673197327417,0
"323",1,0,1,2,0,-0.326504284339196,-0.422862754024856,1.21164403098491,0.73356431106279,-0.811760607714258,2
"324",0,1,1,1,0,-0.366789792530937,-0.568060538984254,0.444394451483531,-1.49089575496925,-0.831180520112111,2
"325",0,1,0,1,3,2.6589489846131,-0.938021562024726,0.482220599277306,-0.943056972438467,-0.0782795852499376,1
"326",1,1,0,3,2,0.55242983607214,-0.691327263494927,0.0201575434998421,-0.474612598839256,-0.281634732871475,4
"327",1,1,0,3,3,-2.19719096584465,1.54080360888939,-0.182179650998546,0.766405744574165,-1.65567242137707,3
"328",1,1,0,3,3,2.01106761702126,0.500969461783334,1.93788261009902,1.45458078888123,-0.451948782966049,12
"329",0,0,1,0,3,0.674304589987648,1.36798558527513,0.0891073980995095,-0.809255832754313,-0.310575862549923,1
"330",1,0,0,2,3,-0.35366742581449,0.21421076603365,-0.938282906172253,0.941493776890292,-0.216015614248997,2
"331",1,1,0,2,2,-0.164367452322883,2.26795777302322,0.287174523457616,0.112790284250252,-0.896608736151537,2
"332",0,1,1,2,3,-1.13507365393313,0.363260736513684,-0.824314062257597,1.11902316580331,1.63977194869285,1
"333",0,1,0,0,0,-0.572187938972521,0.887658020301327,0.972007365441415,0.942690826536675,-0.0756909170443614,0
"334",0,1,1,1,2,-0.521967566158011,-1.5556526834059,0.639900142019573,0.0323864274620007,-2.8560807019028,0
"335",1,0,1,1,3,-0.980297884057512,1.63415725229425,0.00552454780266703,0.419696826910671,-2.60396365345104,0
"336",0,1,0,2,3,-1.25111090398054,0.528656943302925,-2.59665063318384,0.136668485209776,2.03318712097065,0
"337",1,0,1,3,1,-1.29477426427258,-0.610921631146277,2.00934488293089,0.630487555801562,0.619156749412287,14
"338",0,0,0,0,1,-0.660087776220911,0.737051630241245,-0.0358569240663266,1.51104587357869,0.906167259282999,2
"339",1,1,1,0,0,-1.69420152078293,-0.00746734344839632,-0.073837381959113,-0.587837029051403,0.672403902881699,0
"340",0,1,1,0,3,-0.215075715316198,-0.902753944106709,0.42506906422486,-0.736275375730754,1.01007317348423,1
"341",1,0,1,0,3,0.782578729373449,1.07493733394031,-0.898123531741864,-0.535249344144115,-0.426931322663878,0
"342",0,1,0,3,0,-0.288154344967273,0.284837738820838,0.907048843071387,0.885456935921601,-0.217777611519343,4
"343",1,1,1,3,1,-0.109659606292116,0.786423124188685,0.0516232440653892,-0.154080895443673,-0.179641466936815,2
"344",0,0,1,0,3,0.222678162884173,0.454747645484362,-1.32943123373966,-0.80085273556948,-1.24563672051569,1
"345",1,1,1,3,2,-0.268888032735129,0.34330435633515,0.043566338726482,0.731933310228029,1.28861172516327,2
"346",0,0,1,3,1,-0.594347680428719,-1.312825747382,-0.950827249847787,0.524606226902589,1.02772561154388,1
"347",1,0,0,3,1,0.867231247011701,-0.994442046044251,0.533230937846281,-0.237978335386635,1.09803057506273,4
"348",0,1,0,2,3,0.604474864878599,0.940652347310633,1.06268847350822,0.132350660178446,2.14138793754684,18
"349",1,1,0,0,2,-0.205763570878519,0.989028933688964,-0.068697289429344,0.00567937893490986,1.69990673386681,1
"350",1,0,0,3,1,-0.866485506559735,0.753215742741962,1.11009744886961,-0.328514511944196,-0.125463360195257,5
"351",0,1,1,1,2,-0.933480417516908,2.13746778044026,1.21786800469828,-0.996898852594866,0.219364742118989,4
"352",1,1,1,2,1,0.799632560379812,-0.356903119980216,0.262571933036749,-0.019834677455721,0.62819148125162,8
"353",0,0,0,0,1,0.522981939057153,-0.184899350808127,-0.684475044929153,1.24492418072544,-0.224202628853339,1
"354",1,0,0,3,3,0.723939950149902,-1.68929938561172,1.17555084947472,0.246616662396565,0.533833113314293,9
"355",1,0,0,1,0,-2.13500931232671,0.537206889374684,-1.16931553235139,-0.903554855449465,-1.88985158190646,0
"356",1,1,1,0,0,1.62680810090827,0.636587738158688,-0.560284850329342,-0.146314516439872,1.93929971643248,2
"357",1,1,1,0,1,0.598741704245451,-0.0369993828697587,0.175299533873148,-0.616355654966446,1.08138145376373,3
"358",0,1,1,2,1,0.325728196311505,-0.803802830905011,-1.12875397520201,1.06325626932091,0.869802691395503,0
"359",0,1,0,2,3,-0.567387487266048,1.29955107774702,0.274886002911747,1.43071173263715,0.286474910338374,0
"360",1,0,0,1,1,0.735959205693678,-1.20410469005534,-0.458603064720907,-1.00565171395183,-0.510028212383009,2
"361",0,0,0,1,0,-0.964219189757098,-0.183469754551535,-0.904601014716306,-0.337447484503882,0.673368886470951,2
"362",0,0,0,0,1,-3.39936050430978,-0.298162783844441,0.8253121922438,-0.0867024886700893,1.55664242591464,0
"363",0,0,0,1,1,-0.79642469157738,0.382958564440735,-0.391343016020194,-0.422249616004741,0.365524783021631,0
"364",1,1,0,1,3,0.219486273872178,-0.154428511369768,-0.866360871420007,1.16923931320727,0.82765062653005,0
"365",1,1,0,1,0,-0.0821969791098636,1.76630965872895,-0.0238679291400834,-0.0385494608112533,0.329959602614876,1
"366",0,0,1,2,0,-0.151222351119103,-0.296293504939282,-0.179049404009241,-1.49811427750259,-0.459924790363169,0
"367",1,1,1,1,1,-0.0173434933778861,0.435379035759584,0.885936378973659,-1.516175063063,0.848713589762525,6
"368",1,0,1,0,3,-0.525602536761388,-1.91462282481362,0.169021591171953,0.0556452762580082,0.451611781103456,0
"369",0,1,0,0,2,0.617500326797761,-0.111991483739934,-0.166854587320297,0.23244906714461,-0.366890047098915,1
"370",1,1,1,0,2,-0.992808991365976,-0.266857314307257,-0.461982915190152,-1.11247458050016,0.217656023638359,0
"371",1,0,0,2,1,0.0244065098698879,-1.26801039347513,0.697004122249773,-0.771954226125508,0.382527300855825,0
"372",1,0,0,0,1,0.131364905673749,-0.197922258500191,1.42217319058205,-1.69232586529099,1.41322210005519,8
"373",1,1,1,1,0,-0.566376255273319,1.95248860701726,-0.888513617711013,-0.192996867481262,0.477968054860808,1
"374",1,0,1,0,1,-0.858903624424036,-0.300241304417227,0.370024154127706,-1.02637471953271,0.923952164634921,2
"375",1,1,1,0,3,-0.0225538633404138,-0.782006861821568,1.08518941030567,-0.837568588006291,-1.54201900730253,4
"376",0,1,0,1,0,-0.836355477941187,0.0562284710798043,-0.21514949404346,-0.283518000413857,0.0479667281750201,1
"377",1,1,1,1,3,-1.52887362598603,-0.754658315502822,1.02177712053152,-0.060647818902441,-0.288447378207669,1
"378",0,1,0,3,1,-1.37212840689531,-0.470923659801695,0.421258379844615,-1.1587878055883,-0.820145744849708,0
"379",1,0,0,3,2,-0.185150645475609,-0.747668287945931,-0.982905483307473,0.725765979022144,0.429196636331319,0
"380",1,1,1,3,1,-0.863257132130144,1.30629577081299,0.252372946844945,-0.05365387641731,0.0949858692286814,0
"381",1,0,0,3,2,-0.903562124481348,0.562585394957998,-0.824323066972117,0.065456117245432,-1.25032780340156,0
"382",0,0,0,1,3,1.40767724103359,0.271537954160663,-0.990855514019073,0.509185639260345,-0.106406991460692,1
"383",0,0,0,2,1,-0.106851104456786,-1.38272184757542,0.945065749748322,-0.0348995936979359,-0.239520870158976,4
"384",1,1,0,3,3,0.0647012696245259,-0.874589978966866,0.660907571782838,-0.307266559516716,0.781409466578321,2
"385",0,0,1,2,3,-0.290483564608035,-0.58542466683815,-0.0990071613685116,-0.109717177875582,0.0689152865471884,1
"386",1,1,1,2,1,0.193423374030208,-1.49503428936974,-0.534957466394184,0.17650081822181,-0.690538010087031,0
"387",1,1,0,2,2,0.815179973461678,2.06349326277236,0.617015976655343,-1.02216006840419,0.760560521934585,5
"388",1,1,0,2,3,1.14718747945513,-1.35561756563607,0.543172517911562,-1.49375629147249,-0.100028766466919,3
"389",1,1,1,0,0,0.501314728178081,-1.57858620234091,-1.19433894291766,-1.17380900635777,-1.60894075490169,1
"390",1,0,0,2,1,-0.352589564814657,0.88206456043829,-0.552872912086827,0.569492429223353,0.65271557909105,0
"391",0,1,0,2,2,-0.621463939025074,-1.12316804812866,-0.290544590276817,0.707561267971553,1.8769219576151,3
"392",1,0,0,1,1,0.918012724591306,1.07315509931601,-0.392848955710176,-0.865845693811194,-1.75635209858384,1
"393",0,1,0,0,1,0.371602324732177,0.601304508243622,0.913836036331463,-2.56604261440446,-0.677812200188143,1
"394",1,1,1,1,0,0.826272398358472,0.575852070268539,1.57714989141337,0.0556462119488298,0.23157465668447,7
"395",1,1,1,2,0,-0.687428156867962,1.30039476968685,-0.791783156907066,-1.58445458244326,-1.93249143131781,0
"396",1,1,1,3,0,0.75267747739612,0.00276637861565273,1.93724964726458,-1.58610496651665,-0.376797141529406,9
"397",1,0,0,1,1,-0.246611154685158,1.1851492548143,0.201523850011169,-0.184090654500119,-0.768448832055194,0
"398",1,1,1,0,0,-0.532310674720891,-1.22592831817886,-0.460733333305715,-0.0923660270747844,0.594623774262307,3
"399",0,1,1,3,0,-0.668649324489286,-0.280304494419441,0.733407273603213,1.07008057245815,1.57821770102038,7
"400",0,0,0,2,1,0.0367966074427801,0.477265258013034,0.0428601643102622,-0.512578680050516,-0.230138125363844,2
"401",0,1,0,3,0,1.98418554389602,0.285281770581793,-0.939015931358626,1.03066313786174,-0.783074430096485,2
"402",1,1,1,0,2,-0.34185587535105,-0.722858154854961,-1.60089400506364,0.692593074433407,0.30023116110422,0
"403",1,1,0,1,0,-1.06232402102889,-1.32623940442581,-0.827330380913323,-0.619395128778622,-1.14720596204774,0
"404",0,0,1,1,0,-0.851160364936592,1.20585681960511,1.01784968483809,0.844178082937729,-1.05227280772928,1
"405",0,1,0,3,2,2.6236448635473,0.904359171567695,0.0103483485221795,-0.33900810818866,1.89274445976902,18
"406",0,1,0,3,2,-0.417421993372762,1.01230784957831,0.706704501789306,-1.7441687647315,0.002855702207082,1
"407",1,0,0,1,1,0.392977535993677,2.32787708665436,-0.572702674436431,-0.502826409638151,-0.674638197372731,1
"408",1,0,1,3,0,-1.56851392228111,-0.523220113828266,-1.71420035330548,0.254353593334835,-0.995039264456907,0
"409",0,0,1,2,0,-1.41023533747339,1.6568410157878,-0.549837672733436,1.07044675578922,-1.82842140171372,1
"410",0,1,1,3,1,0.262909451577082,2.49354221534694,1.5018631431743,0.520849474511908,0.630652566556829,11
"411",1,0,1,2,0,-0.569658541666419,0.77206621975272,0.508616275798595,0.766058271705908,0.0562716582895767,3
"412",0,1,1,3,1,0.327230184615769,-1.28426038469377,1.4192723935518,-0.0866301302830173,2.29591472254618,16
"413",0,0,0,0,1,0.700649313947275,0.0214810252488272,0.338785668519479,-1.52055302250517,-0.201125337896044,2
"414",0,0,0,1,2,-1.14806848296641,2.50396422863573,0.57857803812768,0.179918986212783,0.449033222486996,4
"415",1,0,1,2,2,0.344647096614396,-0.660563886002169,0.505851903545167,2.00144229449549,0.444286304077267,4
"416",1,0,0,3,1,-0.332985187377746,1.59965414520368,-1.13531702052699,0.727933257682309,1.07022293687194,3
"417",1,0,0,0,2,-0.837522575355322,0.317409220719207,0.596968422643465,-0.411809571688091,-1.66134514877916,0
"418",0,1,0,2,2,1.78377072945971,0.349021796837638,0.930204158149983,0.64409807470604,-0.409894079536251,6
"419",1,1,0,1,0,-0.958301280067587,-1.36448117847939,0.512076694137533,-1.33421144162916,0.209508187111297,1
"420",1,0,0,0,1,0.329796812252628,-0.475181055376209,-1.10662286061594,-1.28694785771279,0.084941541752284,0
"421",1,0,1,2,1,0.557927079464629,0.773173016298602,0.74410233814734,-0.952999700242729,0.161254952217021,6
"422",0,0,0,1,2,0.993903977069438,0.223296726929034,-0.0372788265445406,0.381537787909995,-0.217959383361809,3
"423",0,1,0,2,2,0.612858676072553,-1.0699544104875,-2.13135876703235,1.64963285238186,1.33942673687732,1
"424",1,1,0,0,3,-0.201054197188503,1.72573787487675,-0.329764215612509,0.159016876098522,0.960264177030233,1
"425",0,1,0,2,3,-0.929491142960102,0.234033329135023,-0.226161218139838,-1.60719940572185,2.1231091321822,3
"426",0,0,1,0,1,-0.1837386722081,1.13031318057312,1.22641590780486,1.24994645934894,-1.34461210614844,1
"427",1,1,0,3,3,1.93706483313262,0.0492847697635307,-0.289075419773688,-0.428295404053473,-1.20336123004774,1
"428",0,1,1,2,1,-0.195292760198502,-1.21827069740492,-0.587651780240728,1.10902552019172,-0.80037230333824,1
"429",0,0,0,3,0,-0.0692422796372976,-0.0155967360418085,1.15027281556502,0.964981446911281,-0.230651870431238,8
"430",1,0,1,2,1,-1.0973816000981,1.03497122406126,0.293232855434538,2.0535553477497,-1.68341232435847,1
"431",1,0,0,0,3,0.687185405992306,-1.26733538323438,-0.654128740400825,-0.00926758030331343,0.887462534019543,1
"432",1,0,0,2,0,0.436518892412929,0.578894285293627,1.75869155741646,-0.383437919935285,-0.163917990029592,9
"433",1,0,0,2,0,-0.380897489798363,0.78844294598531,0.0100921905108948,-1.27668327196081,0.985502795374591,1
"434",1,0,0,2,3,-0.471902913367805,-0.466153869739119,1.19130974075148,-0.234481561889042,0.495233260892933,7
"435",0,1,0,0,3,-0.853421461258749,-0.290576924032483,-0.902248217216335,1.51137731287005,-1.84629543137175,0
"436",0,1,0,2,1,-1.0037122097489,0.41380368183499,-0.278349714854756,1.15217647311302,1.00221881001111,2
"437",1,0,1,0,2,0.658909798500366,-0.127602267456393,-0.170972727212516,0.879124982566117,-0.150673141260229,3
"438",0,1,0,1,0,-0.217673784508071,-0.538668071686758,1.50985602503878,-0.559974566815875,-0.621018111696132,1
"439",1,1,0,0,1,0.203799527371548,1.09554018998463,1.2882261608404,1.60299626110609,-0.965565149637225,1
"440",1,1,0,2,3,-0.206284927895473,-1.1088194984776,0.0212827719689163,1.47465188712847,0.889617994569787,4
"441",1,0,0,0,0,0.673347160423082,0.833022189379742,-1.94164685484662,1.70095486086379,1.33953225707574,1
"442",1,1,1,1,2,-0.16959798368221,0.232378788714504,-0.374708731172058,1.90262013880197,-0.405808773722169,2
"443",0,0,1,3,1,0.281537012194167,0.139532665494646,0.529980722897499,-0.00619845109327779,1.60816757453123,9
"444",1,0,1,0,3,0.0256808057042384,-1.39069642739725,-0.673768385742387,-0.0965684479958984,-0.983267389788663,0
"445",0,1,0,2,3,0.51089509435166,0.83822727681516,0.115030065479223,0.781898968310673,2.05329958771066,8
"446",0,1,0,3,0,-0.3400733947067,-1.30026635688256,0.165293585514303,0.356616250357007,-0.288199716496754,0
"447",0,0,1,1,0,-0.979468324938805,-0.182469674284937,0.285638210130252,-0.754846679997444,-1.52552191708819,0
"448",1,0,1,3,1,-1.33799989068402,1.73749458149651,-0.54417989403382,-1.55554978509062,0.251091545815633,1
"449",1,1,1,3,0,1.16792632224528,0.0040514191479587,0.883490326164463,0.492426004522935,1.04949867696172,13
"450",0,0,0,2,0,0.301821560280916,0.339296104963926,1.67815074253235,2.0391294585613,2.37138525494734,17
"451",0,1,0,1,1,-0.612509630800188,-0.116760122031644,-0.178015789561099,0.293498336906565,0.119092895467328,1
"452",0,0,1,2,3,-0.502258939603749,-0.380189030580318,0.0416687455875887,0.791799742010798,-0.168130244569714,1
"453",1,0,1,2,0,-0.131691826856976,-0.493219710158667,-1.57155934470115,-0.888482945445598,-1.34999299323887,0
"454",1,0,0,2,0,-0.605372459376557,1.09940139410354,-0.634862895332824,0.0764067587090006,-0.359141398045878,2
"455",1,0,0,1,1,-0.881770878897247,1.75048858795179,-0.0148819278214419,1.08171304363812,-0.812527986103384,1
"456",0,1,0,1,1,0.999826516946338,-0.843564601689247,1.70502210039882,-0.4379140500278,-0.840416120861208,4
"457",1,0,0,2,1,0.0437917126982142,-0.889389526860954,0.04663325572079,1.35891291885481,-0.357042332545364,2
"458",1,1,1,2,3,0.541536578286244,-1.0351523391213,2.26084162124371,-1.73955387471848,-1.43554924335136,6
"459",0,0,1,1,0,-0.80264930413982,0.12476322530706,-1.64632345350634,1.41642878120513,-0.521759426348451,0
"460",0,1,1,2,2,0.331054609093289,0.293334551470563,-0.080230150885329,1.76592501909059,-0.740417187488224,1
"461",1,0,0,1,1,1.66975219149235,-0.00316304544482902,-0.860733999252776,0.93534821400916,-0.479383255472912,1
"462",0,0,1,1,2,-0.138105154783006,1.16020206287608,-0.371395966806341,-0.901686737336853,0.420186239714395,1
"463",1,0,1,2,3,0.746628743985735,-0.428928067289321,-0.833575837038114,-0.637581603561784,1.47616313147491,1
"464",1,1,0,2,2,0.096517862262698,1.20044584188009,0.829757640651062,1.43458475309258,-1.33350535833241,3
"465",1,1,0,3,2,1.45431244272959,-0.482831482006859,0.343846136912665,-0.0817072048550262,0.866984782811199,4
"466",0,1,0,1,0,0.681266523505331,0.428828938140251,-0.498159838847921,-0.690530148118977,1.80393768291562,2
"467",1,1,0,3,2,-0.46629914016846,-1.07463431651385,0.711580773539319,0.283446407589596,-0.508617249391503,3
"468",1,1,0,0,1,-0.564152301307596,1.26125866524811,0.383176154234836,-0.64808283088461,0.0393016683185026,1
"469",1,0,0,2,1,-0.680865301805818,-0.241422816334423,-1.36870445349871,1.03213920519039,1.77992034892872,2
"470",1,0,1,2,0,0.436847680590965,0.955646232023552,0.542383893716898,-0.699361479681647,0.153999935691385,2
"471",1,1,0,0,1,-0.0852616296333845,1.09007160809845,-0.0718193314739194,0.898550136894439,1.14768023424597,4
"472",1,1,1,2,2,0.305422433220919,1.07127198671032,-0.272338410366294,-0.502838982594519,-0.407593778235232,0
"473",1,0,0,2,3,0.544423289623941,1.21862749048556,-0.139876133838486,0.948177581741206,1.53865936981013,4
"474",0,1,0,1,3,0.159787185199294,-0.567769191368108,0.531470081192844,0.510978591354905,0.923273681538923,3
"475",1,0,1,2,3,-1.40914512072413,-0.651183453207354,-0.250115596421339,0.0275370600795383,0.38199639585495,1
"476",1,1,1,0,3,-0.0111292849884793,-0.649580355358659,0.449582422891974,1.35140060088864,-0.128936328549511,1
"477",1,1,0,3,3,-0.449831217145307,0.181491834891029,-1.45040405191699,-0.00918573862062572,-1.11750361008407,0
"478",0,0,1,2,3,-0.0173798408936329,2.38657499810033,-0.082058255107913,-1.55699798307933,0.69321580480326,1
"479",1,0,1,0,0,-0.0260806311570342,-1.43602605848525,-0.504280932472699,0.470692542608321,-0.233905522139285,2
"480",1,1,1,0,1,-0.334731809523554,-0.716299066210446,-0.375706616483547,-0.150456794082711,0.632064403434831,1
"481",1,0,1,0,1,1.51082500041435,-1.46186784797238,-0.823693036153288,0.617259432561062,-1.80921543793839,0
"482",0,1,0,1,3,-0.164208270918032,-0.911605033168738,-0.655885955149696,-1.32100673101432,0.171237779589402,2
"483",1,1,0,0,3,1.08558734074152,-0.44970548383024,-0.337435844067612,0.907835419464949,0.549758566896793,4
"484",1,1,0,0,0,-2.06177785300228,1.36686410560993,0.0812460755371059,0.572626427072723,0.203312225610102,1
"485",1,0,1,0,0,0.114290554705377,1.21051637916525,-0.942026909923993,-0.424994909586347,-0.11813807337336,2
"486",0,0,1,2,0,0.244408480387387,0.406475068052559,0.419969282496296,0.285980381206255,-0.9477418841287,1
"487",0,0,0,1,3,0.59735646055545,-1.01897916313518,1.23475237072007,-1.52674839583962,-1.26414545065994,6
"488",1,0,1,3,3,0.190313992114924,-2.19764934431445,-0.820223318444884,-1.20081722743476,-0.341518461772992,0
"489",0,1,0,1,0,-0.442128085425069,-0.803794981519387,1.15899322875536,-0.1014142550938,-0.468064778858901,3
"490",1,1,1,1,1,-0.409020091747037,-0.669789734504696,-0.5800338484919,-0.111639652189933,0.046823975761811,1
"491",0,0,1,3,0,-0.697974598665695,0.0619134339797538,-0.485769214400825,0.64913523742417,0.184734375481969,2
"492",0,0,1,3,0,-0.501999504307401,1.55559019074715,0.487756911859453,0.731090001934433,-0.887372708376739,2
"493",1,1,0,3,2,0.380355641737934,0.858967246800054,-0.208454138528592,0.170217081143582,-2.03797042834585,1
"494",1,1,1,2,2,1.83383848648787,-0.119983162963619,0.385200837220258,1.21550853242871,-0.579928928914151,4
"495",0,0,1,3,2,0.537729685804963,0.989185142058661,0.123589002047636,-0.936119065902021,-0.0406468803890994,3
"496",1,0,1,3,1,-0.717148468040373,-0.286464187082606,0.444561514596015,1.38882464082453,-1.40757470446301,4
"497",0,1,1,2,2,-0.24649021110758,-1.65432248471795,-2.33999434280038,0.502006959257522,-0.49965042407824,0
"498",1,0,0,3,2,-0.886517959558099,-0.25749769548188,0.350871220833604,0.144876025778304,0.304552811877324,5
"499",1,1,1,0,1,0.641213325154137,-2.57135222945473,-0.538796810002624,-0.0285030732894236,-1.014652187196,0
"500",1,1,1,2,2,0.939834155672714,-0.338225068878881,-0.176461760227022,1.63227457668527,1.4950137445242,3
"501",1,1,1,2,3,0.408362924125023,-0.151133265692084,-2.0625227762822,0.868812145509341,0.150761575223497,0
"502",0,1,1,2,3,-1.01479491177575,1.24819710570441,1.05896148321669,1.74606046190171,0.567621299833889,4
"503",0,0,1,1,1,-1.10225002491838,-0.329369172814978,0.241276412204369,1.10211397018955,-0.298679010970405,0
"504",0,1,0,2,1,0.483407195951013,-0.742227413750598,1.11950881454893,-0.459424481680666,1.0917164937648,5
"505",1,1,1,0,2,-0.615906161528722,0.946630478747155,-1.06909547490221,1.06974186112145,-1.94896563105066,0
"506",1,1,0,1,2,0.293020363437337,1.07803059247753,0.583874401301689,1.40826626193699,-0.379750438480878,0
"507",1,0,0,2,1,0.95117716801752,1.04315312807511,0.212062273526528,-1.00793927114267,0.727203303855003,5
"508",1,1,0,3,1,-0.127942533716078,-1.29893245509083,-0.051067598051407,0.0864229697222873,0.329429745202934,3
"509",1,0,1,3,0,1.93404165077768,-0.219387776243695,0.481112316493284,0.0281846971543485,-0.0290401783992949,6
"510",1,1,1,2,3,0.189517066143015,1.64602025742583,-1.14382440133717,-0.459311206250952,0.107034160878673,1
"511",0,0,0,1,1,0.303539773378547,0.123241562666543,-0.47706223819614,-0.563032735177937,-1.22370503627631,0
"512",1,0,0,0,3,-0.811295069663823,-1.33766619753267,-0.570952693535593,-0.796326017158189,-1.76465564816956,0
"513",0,0,0,3,3,-0.064536482268626,-0.88677385686223,-0.839236292020874,-0.558998240550732,-1.44874344726391,1
"514",0,1,0,1,0,-1.16461523222203,-0.830939390070722,0.806532907555968,0.089255905731053,-0.17039489785612,4
"515",1,0,0,2,0,1.51556103567291,0.42794787457958,0.130153283529033,0.0733372404090912,-0.178286595085957,0
"516",0,0,0,1,3,-1.75597237016587,0.115120908874266,-1.13666265302847,0.423997014024168,-0.0397953433001034,0
"517",1,0,0,3,3,1.43469971466376,0.168153166572701,0.856843636992135,-1.48873625917429,1.14783908423986,9
"518",0,0,1,1,1,1.43436723117972,1.0385186888078,0.217114449160359,0.509828731109999,-0.138494630331543,1
"519",0,1,1,1,0,0.0410177469626604,0.125271373851469,1.0438203313198,-0.711880370001104,0.288342191187731,2
"520",1,1,0,3,2,0.965974844697127,-0.903388427743457,0.939895076680021,0.418930323743263,0.786209745254805,10
"521",0,1,1,3,0,1.23194459414719,0.450527515526626,-0.22680681065638,-0.632654574447137,0.492230351888758,4
"522",0,1,0,0,3,-0.132366688672827,1.05741493326181,-0.994584236679805,0.294928391320062,-1.81101944300635,1
"523",0,0,1,2,3,0.790541314848134,-1.10893617054614,-1.31709481830579,-0.98889900327025,-0.107963752695245,0
"524",0,0,1,0,1,-0.173843151639402,1.62748806605441,0.000732769530866872,-0.128924623789967,0.485749400149555,1
"525",1,1,1,1,0,-0.675173301161829,-1.76724811554146,-1.07096159743423,0.885290815795154,0.822695756343051,1
"526",0,1,1,2,3,-0.178070644066646,0.0338780657016542,1.31295176281469,-0.366445863702927,-0.781987052446387,4
"527",0,0,1,0,0,-0.544907644497082,-0.90570310084781,2.04689227989869,1.38991037437844,0.401470564151546,5
"528",1,0,1,3,1,-1.03613494264314,1.39303624878212,-0.198137838676391,-1.88010857034234,1.14053029627774,3
"529",0,0,0,1,2,-0.778240671236915,-0.369504502573825,-0.198959140063926,-0.635329573335569,-1.04659453783077,1
"530",1,0,0,0,2,0.593067185657945,0.741160694462479,-0.127095068197571,-0.536523484951204,-0.532836104758168,2
"531",0,0,1,2,3,-0.0899182231333397,0.423968738513672,0.481735502133399,-0.443319641357051,0.0750129615776181,3
"532",0,0,0,3,1,0.19400314605133,-2.00131106306852,0.570174876715925,-0.301855894898027,-0.680297553303564,2
"533",1,0,1,2,2,0.202695440633418,-0.705659981446991,0.478862851777538,1.92291672420201,1.11483871399605,4
"534",1,1,1,3,2,0.739242177982411,-0.363236637529927,1.54170039774046,-0.189699995170438,-0.562409709753768,4
"535",0,0,1,2,0,0.878093607801488,0.882575081170131,-0.454002124921188,0.560772963907736,-1.40013510781752,0
"536",0,0,1,0,0,-0.754212442886705,0.393516543911906,0.235861483196611,2.38562401157558,-1.35543227276899,0
"537",1,0,1,1,2,-1.59880105539385,0.214242490655426,-0.41882961804495,0.465715926388512,-0.654813029734222,0
"538",0,0,0,2,3,-0.480126419408387,-0.221523487960443,0.508472920895709,0.412703920546603,1.90717612472949,5
"539",1,1,1,1,3,-1.18935604489404,-0.675446098793471,-0.344031007946004,0.970974905638397,1.31974578900746,1
"540",0,0,0,2,3,-0.984512901498139,-1.25580083150705,-0.464993401629028,1.54153856283985,-1.06355530462072,0
"541",1,1,0,0,0,-0.154952587637767,0.0100857395078828,1.4765319531533,0.821535132780295,-0.613817237571919,5
"542",0,1,0,3,3,-0.725100752853499,0.263703417476728,-1.18438622712478,-1.81182171429055,2.04166699797147,0
"543",0,0,0,2,1,-0.0255378396440456,-1.16479945675886,-0.221420334532396,-1.11975280890645,0.454914594881654,3
"544",1,1,1,1,3,-1.83490414193689,-0.755110982817942,-1.23741244375834,0.973035695691696,1.61770705769435,0
"545",1,1,1,0,1,-1.69245756533847,-0.256767477049326,0.508277221211489,-2.73976744462558,0.602305322074735,4
"546",1,0,0,3,3,0.473441281234195,-0.489652796502529,-0.278699674262973,-0.175380118904342,-0.234196354652428,0
"547",0,1,1,2,2,-0.0743104387022677,0.910608904688687,-0.44113554745964,0.69220756793786,-2.14877310880499,0
"548",0,1,0,0,3,-0.850693671973137,-1.25633011264934,1.4862449166986,1.11329174392325,-1.0437998519023,1
"549",1,0,0,3,0,-3.22865618216822,0.807802420289551,-1.0163563810697,-0.295858744795795,0.600572635802196,1
"550",1,1,1,2,2,1.18674679462841,0.144257140467228,0.891936693134267,-1.00929355131905,-0.258307053631812,3
"551",1,1,0,2,3,1.19322351512539,-0.542447394261751,1.19752477894354,-0.44880717289842,1.40114330002353,10
"552",0,0,0,2,2,0.570333290465613,-0.0728405713449063,0.381319356099825,-0.239522772299377,-0.814499339454683,3
"553",1,0,1,2,0,-0.261932964056303,1.08337351615798,-0.815797164957942,-0.708738782569349,1.51568898397291,5
"554",1,1,1,2,1,1.37817764602529,0.0028001246598017,1.40894054173657,1.65138746590138,1.42495683367157,18
"555",1,1,1,1,1,-1.79550003792669,0.10881570518654,-1.07269341303861,-0.0675110094521825,-0.293650361681214,0
"556",1,0,0,3,3,0.287136158661022,0.42116391425653,0.716857904850179,0.262979310481204,0.829768367870162,3
"557",1,1,0,0,2,0.876356648520544,0.837546520253927,1.53677350920332,1.41986782115615,0.622501564251845,4
"558",1,0,0,2,2,0.812997461310491,0.551639786528372,1.81915514926698,-0.42671986413097,0.169971199640905,7
"559",0,0,1,1,1,-0.977331470427579,0.160033606694825,-2.70881503457674,-2.21937633864128,0.495092920471735,0
"560",1,1,0,2,0,1.09392289973536,0.134172533631001,-1.27870191404643,-1.0427415732631,0.884875681152067,2
"561",1,1,1,3,2,0.549038929914328,1.12167908675709,0.405976226941823,0.103264214134165,-0.299260595063183,4
"562",1,1,0,3,1,0.778049343049133,-0.768579862664429,-0.059672195927974,1.1122131543876,0.746126166766447,3
"563",0,1,0,2,1,0.168060020833321,-0.683961709356482,-0.931088749201431,0.840780988748218,-1.8981675166488,2
"564",1,1,1,2,2,0.901509574563229,1.78767802905131,-0.0897762302944056,0.619883069695413,-0.396254645711718,0
"565",0,0,1,3,1,0.341647952237596,0.705597584383183,-0.617006740860771,-0.188054218363064,1.16635729959936,1
"566",0,1,1,0,1,2.17425261621218,-1.03990429853567,0.669291057956441,-1.44303512211149,-0.449493663519862,2
"567",0,0,1,2,2,-0.80459796287387,1.12935870192612,1.7292136140995,0.432518780130471,1.13037149497882,11
"568",1,0,0,2,1,1.24268877353848,0.409648239809982,-1.70305610325739,0.424013988570289,-0.165471295404657,0
"569",0,1,0,3,0,-0.139977454475087,1.05971117781117,-2.46577437844763,-0.618839604099413,0.985169879583203,1
"570",1,1,1,0,3,-0.010729981664834,1.764504547097,1.24826363498651,-0.60345225958154,-0.457157354205706,4
"571",1,1,1,2,0,0.203331836558043,-1.3766246504531,-1.69821673247389,-1.16521080652375,-1.7446286083804,1
"572",1,0,0,3,1,-0.249065429378419,-0.60313121228407,-1.12296495179704,0.364508378958814,2.38191872827636,3
"573",1,1,0,1,3,-0.061957955653652,0.0305147990028195,1.3947689508172,-1.06101928602715,0.20539862624101,6
"574",1,0,1,0,0,-0.451385920942294,0.604672099041325,-0.436762853118363,1.28273983179284,-0.481722313609003,1
"575",0,1,0,1,2,0.971203018857692,-0.240435414740103,-1.03313001847974,0.805046797086896,-0.450440312592697,1
"576",1,0,1,2,0,0.510840523243056,-0.812872610282497,-1.55447311163838,-0.534686363304574,-0.140109696059099,1
"577",0,1,1,0,1,0.494052771074877,-0.742560161878974,0.377493389208805,0.0788936899502653,0.216084576622545,2
"578",0,0,1,2,2,0.0274149195056758,0.321207335097569,0.508670784100131,-0.748634450002141,-0.384568939402679,2
"579",1,0,1,2,3,0.333294730496878,1.2677595995932,0.530525501509257,0.543808478826459,-0.949245570937296,3
"580",1,0,0,0,2,0.0142207512931779,-0.418257322296795,-0.594297524056653,0.741175168131556,-1.40366523920247,3
"581",0,0,1,1,3,-1.14428765349305,0.601045171739454,0.303878171443185,-0.450872170072069,-0.79554862575465,0
"582",0,0,0,0,3,-1.75854782731678,-2.19551695968205,-0.476441354006994,-1.21717953827754,0.826497823787503,0
"583",1,0,0,2,3,-1.18798259489887,1.39092268713664,-1.07205815696339,-0.0893858138668412,0.669335193145489,1
"584",0,1,1,1,3,-1.2047507094617,-0.267892280850444,-0.77979450646555,-0.361972876789191,1.39665146887121,0
"585",0,0,0,1,3,-0.735545444815635,-0.570035904907294,-0.0944424749587637,-0.75580635340517,1.47485634281016,2
"586",0,0,0,0,2,1.5424851301078,0.253998854381675,-0.68794792014657,-0.308205803179346,0.274435088162546,0
"587",1,1,0,1,0,0.76036258101521,0.722002799582699,0.368632903553528,-0.433347637449908,-1.46199639352089,0
"588",0,0,0,3,1,0.141042693585285,-2.56189804582554,1.01766031377443,0.190562478950699,-1.23180674056984,2
"589",0,1,0,2,3,0.266255511690521,-0.389804784930744,0.628740455714549,0.292217617727024,1.22323399666268,2
"590",1,0,1,0,1,0.688797458784571,0.661339923086654,0.455261878650834,0.443033806114207,-1.60795176773028,1
"591",0,0,0,0,0,0.30039712848113,-0.944925176088097,0.242992235816818,0.128294069278911,-0.11377515597225,0
"592",1,1,0,0,3,-0.635574812159203,0.117823846784608,0.435767217120227,-0.314015830256549,0.447402350177576,4
"593",0,1,0,3,2,-1.11174775274458,-0.407868134895667,-0.220999277120884,0.450688679379106,0.507059185029257,0
"594",1,1,1,0,0,-0.231592022137295,-0.721512775190459,0.569030873540452,1.37546031328343,1.53169511744257,1
"595",0,0,0,0,1,-1.12372665104898,0.661761940908643,0.914554366109716,1.47920341409693,0.205785301704608,2
"596",0,1,1,3,0,0.754814562409617,1.4635005646801,1.26442599170934,-1.52979511365198,0.402923048430691,13
"597",1,1,1,2,2,-0.469743327013739,2.1556757392896,0.530907574085887,-0.495275575725892,-0.649890481971511,2
"598",1,0,0,1,1,-1.59134236979222,0.280799833061802,0.00428029840119558,0.177886084483138,-2.46276160863923,0
"599",1,0,1,0,0,-0.746390209171212,-0.122672225468172,0.277957440484331,-1.2462298171537,1.33632698341817,4
"600",1,1,1,3,1,-0.709797733696501,-0.735893151462494,-1.29731800358218,0.676345522128885,1.83267750852091,2
"601",1,0,1,2,3,1.47321556166717,0.999536776814079,0.90374737919616,1.42316848997933,0.129238573361801,7
"602",1,1,0,2,0,-0.273971839620266,0.495032251788117,-0.538566217582558,-0.0405617362944365,0.0583277827455179,0
"603",1,1,0,0,2,0.287041633620843,0.88132172212239,-0.112304227390303,-0.446695530909516,-0.0154571803462305,4
"604",0,1,0,2,3,0.0547713922760154,-0.303564159834244,1.745044578264,-0.649775216826083,0.983876816869271,13
"605",0,1,0,2,1,-2.06111089874283,-0.642135305243286,1.24182579836829,0.231800524084119,0.357943350791646,2
"606",0,0,1,3,0,-0.251749344663589,2.4165180838969,-0.853088673441744,0.232038853872755,-1.16582754029047,0
"607",1,0,0,1,1,0.951505835853065,1.69590003579695,-0.353774241363484,1.25680091490949,-0.160047899392927,0
"608",1,1,1,0,0,2.48880901005231,-0.368937616890238,-0.94401617117093,0.9348881479774,1.36042624002748,2
"609",0,0,0,3,0,0.19119843863505,-0.815461946785995,0.351863837875322,-0.0187095393274084,0.632930717491745,6
"610",1,0,0,0,1,-1.52105834315598,0.51486929836071,-0.712419476631419,0.284098682404523,0.290862034338593,0
"611",1,1,1,2,0,0.0273769659838967,1.7405363867491,0.440943117778503,0.530598649838422,0.466702769054292,1
"612",1,0,0,0,2,-1.47411717230584,-1.49596543722862,-2.22642158810916,0.0992372318631294,1.27325886161771,0
"613",1,1,1,1,2,-1.47730061393565,0.754293046805695,-2.71271624476505,-1.7471654851042,0.895766054858528,1
"614",0,0,0,3,1,-0.316765025251341,1.50656353232489,-0.605655969555531,-1.8562552157872,-0.245613740489501,2
"615",1,0,1,0,0,1.14987647496414,1.602177827148,0.418446237578921,-0.264035428460287,-1.20525644558885,1
"616",1,0,1,3,3,-0.463662721658505,0.435432645472108,-0.441422013556517,-0.0319062639256077,-1.23773722543451,2
"617",1,0,0,3,1,0.876301815460026,1.71807905122267,-0.34821188280622,2.00149809158348,-1.06485351251216,0
"618",0,1,0,1,3,-0.332671385562967,-0.527460076705938,0.913273635524416,-0.878593313575924,2.69808859645628,7
"619",0,1,1,3,2,-1.39350221430222,0.140173174736356,-0.255213617192281,0.147493718516374,-2.77035327484457,0
"620",0,0,1,3,0,1.35938885872408,-2.86045538081419,0.472857582828528,0.785193952398864,-0.304975648620985,8
"621",0,1,0,3,1,1.72480792577685,0.622577153911239,0.284193991670387,2.19822641150378,0.830734038697255,9
"622",1,0,1,3,3,0.459277954226832,0.8624826820579,-2.51635178372875,-2.01670772971148,0.0109730781629073,0
"623",1,0,0,1,1,-1.30097218127629,-1.40469219319005,0.328421671346836,-0.0175782328225764,-1.73325934387569,1
"624",1,1,0,1,0,0.320189659570878,-0.594860570652625,-1.80305266286685,0.846588684468492,-0.660395303845612,0
"625",1,0,1,3,1,0.416204245825845,0.652408730793165,1.50398745795848,1.65896009670907,0.818994568936187,16
"626",0,1,0,3,0,-1.07503247973987,0.823783490202096,1.25897892287566,-0.52930668330692,1.04901758894046,4
"627",1,0,0,0,0,0.0093252356725664,-1.2296611185399,0.764486877071861,0.141646782036308,0.984706905650913,5
"628",0,0,0,1,1,-0.696095434037474,-0.457729974451726,-1.15327433153027,-0.323130588812936,0.0910242757942683,1
"629",0,0,0,3,3,-0.42177310120065,-0.818274027941111,1.17998319305373,-1.15708045554547,0.742230991597606,2
"630",0,1,1,0,0,-1.07236452563373,1.23676111663924,-0.0809803130931082,-0.116639617790357,0.614104837122002,0
"631",1,1,0,0,0,0.776109801307703,2.22152547068624,-1.13640627346559,1.41973515796688,-0.453413851951398,1
"632",1,0,0,1,1,1.55248319580941,-1.67741788093722,-0.354293174577137,1.02722048936059,-2.89754416839612,2
"633",0,1,1,1,0,0.44248256457149,-0.960980019841696,-0.539517312990296,0.954312309268972,0.90325217019229,2
"634",1,0,0,3,1,-0.118144609357006,-0.309481701347826,0.506994050068963,0.749015253632331,0.281283085839725,9
"635",0,0,0,2,2,1.1844541278031,-0.733539953522448,-1.4686802582956,0.272494613401845,0.732234095918222,0
"636",1,1,1,1,0,-0.256287282493727,0.49676022632444,-1.81318092750871,0.710049038532983,0.292929610110338,0
"637",1,1,1,3,1,-1.26926034875556,-2.38410495482369,-0.323956593073966,-0.139896586736876,-0.261387207442947,1
"638",0,0,1,3,1,1.34624793907074,-0.330306624059955,1.1586020626054,0.00875633493935034,2.26202706879694,17
"639",1,1,1,1,2,0.888562608195233,0.241780349006121,0.117880861592096,0.953669621196811,-1.7422641675976,2
"640",1,0,0,0,2,-2.11208831811656,0.443627358820233,0.0375041579907888,-0.39172390229689,-0.56516699412064,1
"641",1,1,0,1,3,0.959532587308963,-0.355259593306758,0.847584521221486,0.22469589877863,0.10988136306761,5
"642",0,0,1,3,2,-1.02038382724517,1.47740372016672,0.0454678316024023,-0.918136385374169,1.05515881735438,3
"643",0,0,1,2,1,-1.71889953332349,-0.83017898358248,-0.96184021257694,-0.8492101460283,0.878555923525577,0
"644",1,1,1,3,3,-0.568360779684407,1.28795163121229,0.0535941223616487,-0.903384036832879,1.13340164214356,3
"645",1,0,1,3,3,-2.74615875185418,-0.694438901130894,0.991694674349889,1.08166131210518,0.386265387786185,1
"646",0,0,0,3,0,0.109393139443775,-1.57300801854996,-1.12365149858154,-0.31009719736955,0.339318632956236,0
"647",1,1,1,3,2,0.186269051518637,1.28130576679896,-0.336074331156325,-0.998853372153907,-0.550083781663406,1
"648",0,1,0,2,1,-0.901029167144529,0.375110559385206,-0.781775559909974,0.644833463248846,0.546861591059314,2
"649",0,0,1,1,0,-0.0292307335331976,0.0137352586809659,0.71499267057926,-0.527162146379698,0.518399711536956,4
"650",0,0,1,1,2,-0.720356686785203,1.51806036511264,0.692754935495962,0.417382122763665,-0.187867375702635,3
"651",0,1,1,1,2,-1.06190667038385,0.178546708388542,-0.827502692799168,0.422581804391016,-0.280896423447621,0
"652",0,1,1,2,0,-0.454513043644515,1.3932290194642,1.33711608490739,1.0024952882115,2.49659427843771,6
"653",1,1,0,1,1,0.347711363985981,1.72074007516545,0.817923235754601,-1.19597177905815,0.672599776599097,4
"654",1,0,1,3,3,-0.744586718972603,1.10809095163766,-1.24682565253345,-0.842524922531057,-0.505064572154591,0
"655",1,1,0,0,0,-1.29734669663865,-2.71485331730945,-0.193683059529376,1.17149820468012,-0.365863619290485,1
"656",0,1,0,0,0,0.166719459755549,-0.155852896772597,0.0524156118967488,0.0906136543811336,-0.326620804786355,1
"657",0,1,1,0,2,0.111554277823071,1.07843313197577,1.06232351496801,-0.305383527077477,-0.490840578022877,0
"658",1,0,0,1,2,-0.426602260248634,0.841877924642622,1.10018686365729,1.49508203923278,-0.18667740653292,4
"659",1,0,0,1,0,0.385628186407443,-0.591604987012808,-1.12448804113185,-0.590221008763523,0.0255940762123574,2
"660",0,1,1,1,2,-0.633638393123848,1.23433960132996,1.95338870049392,1.04690419222137,0.773466558619467,15
"661",1,0,1,1,0,0.452827012763535,1.67301911336973,-1.11883715799945,0.360637242819647,0.681884161026565,1
"662",0,1,0,2,2,-0.485231991157946,0.136066248705938,0.406512645978158,-2.33653248782712,0.8949099593534,1
"663",0,1,0,2,1,0.843352616259499,0.92531573716051,0.338235009897003,-2.91088697393855,-1.02996637910881,2
"664",1,0,1,0,1,0.171006249431808,0.308587426857995,-0.424244266164701,-0.7654660582887,0.381224640364751,1
"665",1,1,0,3,1,0.776379167423501,-0.320540885757893,1.74634973962388,0.127839208313527,0.668946186889959,10
"666",1,0,0,1,2,0.337332365699202,0.129008069278217,0.241197879520515,1.29934034892061,1.90317730742555,6
"667",0,1,0,2,0,-0.518220016259227,1.19011603752337,-0.497070451787245,-0.10673851712356,1.41682952629697,3
"668",1,0,0,1,2,-0.063365933430927,-0.269318050347738,-1.16363268506671,-0.834383010430035,-0.421173541663372,0
"669",1,0,1,0,3,0.335666255645982,-0.583214227055972,-0.687030795126351,-0.534591827313249,-0.999667933202447,0
"670",1,1,1,1,1,0.356813712994248,0.727494662420815,0.633213520033326,-0.559273840405343,0.776958061350442,6
"671",0,1,0,0,0,-2.75589524682129,-0.616006052089242,0.755499703077654,0.430770152011366,1.19077552197931,2
"672",0,1,0,3,0,0.896171143951292,0.14762915153914,-1.17637050620381,0.720107412321931,-0.677523095016807,1
"673",0,0,0,1,3,0.633101203079402,0.00581342966941863,-1.90673246361764,-1.89568316046635,0.52569776628438,2
"674",1,1,1,1,3,-0.195341684351147,0.348754019730389,-2.1549716882809,-1.08085352156642,-0.756079720535176,0
"675",1,0,0,1,1,-0.143907240858172,-0.660664940098863,-0.117708858187523,-0.228562545452876,-0.75343060364366,0
"676",1,0,0,2,2,-1.77284465600249,0.602099845136358,0.710249957072371,2.44653951473219,-1.04174710094607,1
"677",0,0,1,1,3,-0.101310478557301,1.61447190157578,-0.743462853005903,-1.51028516035127,-0.0252193788663256,0
"678",0,0,0,0,0,-0.607509455752581,1.05109338388637,-0.570124113172806,0.525707959974895,0.0980660073823924,0
"679",1,0,0,2,3,1.17417972838851,-0.0619129232220672,1.845116567582,0.352765018985586,-0.6175042771283,3
"680",1,1,1,2,3,1.05929762737446,1.45945082262535,0.738670287505348,0.610344384975214,0.183199282258974,5
"681",1,1,0,2,2,1.24236059424918,-0.208714960806831,-0.0356694888020396,0.588905854920999,-1.09144713747197,2
"682",1,1,0,3,1,0.969847380363385,-1.17283886180475,-0.65972777863239,-0.0794511985479064,0.265462265747824,4
"683",0,1,0,2,1,-0.311241002641262,0.782743928398393,0.936651853703067,0.142929015332189,-0.152473059155015,5
"684",1,0,0,0,3,0.0840835475849157,0.308098138404568,-0.74534730020495,-0.463884163664264,-2.85591860616253,0
"685",1,0,1,3,0,0.550786842224931,0.713131106628172,1.45014766441235,-1.28112335732321,-0.847443645514524,5
"686",1,0,0,0,1,-1.34333170528412,-0.731138053890419,-0.371911812764273,-0.946151039699954,-0.278900914869773,1
"687",0,0,1,2,1,-0.397609552810774,0.644016776364793,-0.595752727436764,1.37835733713821,-1.27852935797627,0
"688",1,0,0,3,1,0.485528208904219,-0.105987960847212,1.96593204599004,-0.0817160344379887,-0.323878358921435,9
"689",0,1,1,2,2,1.06707665901156,1.24343391826113,-0.622375888012146,0.810847658386271,0.906427942527999,2
"690",0,1,0,2,0,-1.75445367851658,0.770040099661986,-0.0450710561589808,-0.731735791421268,-0.764012081687183,2
"691",1,0,1,3,1,-1.07007699385442,1.13748245903733,0.126120420844918,0.24738171923629,1.21652461466378,1
"692",0,0,1,1,3,-0.0452097019849779,-0.514343231523016,2.41134485710211,-0.164661254282276,-1.62479575875482,4
"693",0,1,0,3,3,0.394965193282788,1.14631105815116,-0.77491837461232,-0.856301354877847,-0.20449918353105,0
"694",0,1,1,3,1,-0.7736889332088,1.41382372878545,-0.389335034250529,1.60661683193478,0.158015117688786,0
"695",0,1,0,1,0,0.22579687028499,-0.80533406339473,-0.932249828790947,-0.0978358951446861,0.769005294901843,0
"696",0,0,1,0,2,0.135069245063664,-0.546445638216869,1.11828884120279,0.787643133983111,0.0873793438541521,0
"697",1,1,0,3,0,-0.923303374487561,0.872082275520393,0.92172596281518,0.115987085079915,0.569126668462768,4
"698",1,0,0,0,2,-0.908715052767727,-0.428909358629358,-0.122310953189422,1.35636797504439,0.544265091926943,1
"699",1,0,0,3,2,-1.48464270391046,-2.3364930993518,-0.0765566845533186,-0.895104008046094,1.66327192321173,2
"700",1,0,0,3,0,-1.26696312250696,-0.193977516345481,0.275998691366939,2.13592479550648,0.485116511689965,3
"701",1,1,1,3,0,-0.839184417478098,-0.254595389063722,-0.455118465080413,-0.976074511134861,-0.950963752040146,1
"702",0,1,1,2,3,2.01520091145848,-0.704763974529755,-1.2572318958046,1.44408935364697,0.0610974775600458,3
"703",1,0,0,2,2,-1.66416159829679,0.412911749757011,1.51376648872562,-1.12574738315524,0.65221239360371,5
"704",1,0,0,0,0,-0.224443215903327,1.16835165053634,-0.638759781923131,-0.536267189354826,-0.204181198915001,0
"705",0,1,1,0,2,-0.481033760892207,0.174613915952303,-0.329736013452916,-1.53607623715359,0.163023874993931,0
"706",0,0,0,0,3,0.987985640615651,-0.759682335847607,0.807663778264846,-2.40012838847411,0.458359564745601,4
"707",1,1,0,1,0,1.84050984972913,0.10499670021292,-1.25330807412519,-0.147711086199106,-0.854802513640054,0
"708",1,1,1,1,0,0.810385770382768,-0.584911563150838,1.34429832294191,-0.217429523108203,1.39229562119678,8
"709",1,1,0,0,1,-0.149669792611925,-0.377515618179336,-0.226041040574546,-0.691725412802604,-0.0879451633294422,0
"710",0,1,1,1,3,-0.85560120624381,-0.605424956880893,-0.522042759372327,1.70933595016228,0.132538004696946,0
"711",0,1,1,1,1,-2.65143852613528,-0.583010279745214,0.839844005500176,1.55707484941408,-2.95087383068371,0
"712",0,0,1,0,0,-1.42441261327373,-0.421384491881911,2.12190068467495,0.621493408075755,-1.86285541363786,4
"713",1,1,0,3,1,0.88653752983361,1.02170238513095,-1.2940431399446,-0.643910845293559,-1.46747745817197,0
"714",1,1,1,3,2,-1.09450281511364,1.72729213384777,-2.01777092334822,-0.984808825678118,1.12003825928398,0
"715",0,1,0,2,3,0.525883150255995,-0.208308644915069,-0.0984044715130546,0.269913757712603,-1.22936310600438,0
"716",0,0,0,3,3,0.300665197010119,-0.538458191760458,0.347436040330505,0.506198370817448,0.0945262851710934,4
"717",0,1,1,2,2,0.538908169423226,1.32479136245318,1.87554451412001,-0.197331255865999,0.523684398984872,10
"718",0,1,1,2,0,0.430096570120175,0.0338701339852727,-1.65156702392856,-1.25731185575333,0.880136654701717,0
"719",0,1,1,1,2,1.0070025351061,0.407718820882574,-0.630648091525303,-0.276160105165677,0.576765644101921,1
"720",0,1,0,0,1,0.55931700374243,0.431097229368254,-0.0451628688701962,-0.507693504998614,1.16203832552363,1
"721",1,1,0,2,3,0.163269151283632,-0.384321529472031,0.19791916160775,-0.935820406408471,-0.476658862566956,2
"722",0,1,1,0,3,-0.699636801646694,0.419671448906109,-0.0948861775400674,1.19298450622951,-1.01387560220196,2
"723",1,0,0,1,3,0.633161080901987,1.01377609812128,-0.628946754598713,-0.247323806509087,1.27333667865863,1
"724",0,0,1,2,1,-0.37458035085724,-0.633209501107252,1.06798371712567,-0.500128335206192,-1.39853417121809,3
"725",0,1,1,1,0,-0.536776819533239,-0.213425247859935,-0.409384657493335,-0.721084528634529,-2.88661505304941,0
"726",1,0,0,3,2,-1.02950653368311,0.0639230272103448,-1.87770115996013,-0.939569582655605,-0.262749421864932,0
"727",0,1,0,1,2,0.391310558869129,0.898950089395009,-1.32279300738444,-1.97129460009349,-0.220759708092739,0
"728",1,1,1,3,3,2.21401259027635,-0.533219328831819,0.090384025886528,-0.328612892853129,-1.24968927051743,4
"729",0,1,1,1,2,0.865601915202946,-0.785135631487848,2.0500699387317,-0.90883921645228,0.375894346652649,15
"730",0,1,0,0,2,-0.630636212985121,3.23958724513891,-0.0812848597551842,-0.292997651195334,-0.37583372454183,2
"731",1,1,0,3,1,0.144146979056395,-1.72887404778387,-2.0587468642441,-1.62686028603824,-0.559007524913063,0
"732",0,1,0,0,2,-0.29441580026407,0.784165191213378,0.521209325246811,1.84196954553343,1.37342592517245,2
"733",0,0,0,3,0,0.153249319820985,0.870812664793511,-0.175544471747914,0.0362499750457693,0.541235452476352,0
"734",0,1,0,2,1,-0.839691985302557,-0.227837134611547,-0.107093668028159,-0.801922455663375,-0.52351188798436,1
"735",1,1,0,1,2,0.426093551871422,0.226975793088737,0.238961269437162,1.35092219226139,-0.843174212413209,1
"736",1,0,1,2,1,-0.954978890921186,0.489782001624142,0.477510751868573,-0.947762113410089,0.247327232872059,5
"737",1,1,1,0,1,-0.210196227274589,0.794579813468299,-1.08593327180492,-0.720300820682778,1.18760200781861,0
"738",0,1,1,1,1,-0.89711685985762,-2.13194803516438,1.2766509565405,0.822820164672452,0.959940417928691,2
"739",1,1,1,2,3,-1.96154857039701,-0.312546255510667,0.27126317645532,-1.80655372283474,1.59926039237356,2
"740",1,1,1,3,1,-0.175220108365103,0.906642202568923,0.698129893608571,-0.140890460304025,-0.141073046533153,4
"741",1,0,1,0,1,0.0958779232193054,-1.29469598278067,-1.35918613043333,-0.87474171914757,-0.0788046632359116,0
"742",0,0,1,3,0,0.526044609138075,-1.20215427725157,-0.875838155211846,-0.81082241714833,-0.819917448170133,0
"743",0,1,0,2,0,0.583315809547381,-0.0833863157628868,-0.81633075834402,1.64629422353893,-0.710032195059546,0
"744",1,0,0,2,2,0.596173811384417,-0.238306225293319,0.751782954450304,2.40121403477523,-1.21856080576105,4
"745",1,1,0,0,1,0.157663607081958,-0.109990612191331,-1.29289911518363,-0.0973937186710482,-0.838644355433857,0
"746",0,0,1,0,2,-0.395674828551697,-0.17517975102826,-0.55848501768959,0.978295699697185,1.1860393727373,0
"747",1,1,1,2,0,0.339130736947448,0.206739748973313,-1.40766167551848,-1.76249857145328,-0.298667348684164,0
"748",1,1,1,0,0,0.267879918502902,-0.603873809628193,0.408044044073454,-0.0779434413405657,1.00742330385284,5
"749",1,1,0,1,2,-0.622747017332073,0.261431548700549,-0.525521850471835,-1.67274407887822,-0.897058108759942,1
"750",0,0,1,0,0,0.587440521086904,0.637940744031737,0.415961124357496,0.640444635218774,-0.805180874709151,1
"751",0,0,1,2,2,-0.68171215457062,-0.883408650394205,-0.816683893965414,-0.36980693233562,-0.965813633029872,1
"752",0,1,0,1,3,-1.3951201830524,-0.606654580231138,2.34390075393147,1.62098312353322,1.73071423532357,12
"753",1,1,1,0,3,-1.53212477039116,-1.29145823806407,-0.321787577842314,2.04625997507215,2.32702284348358,1
"754",1,1,1,0,3,-1.0179136814488,0.584331149827221,-0.63986004976778,-0.785194948183106,-0.803250907845373,1
"755",0,1,0,0,3,0.589164191873752,2.49718230824631,-0.118968185454165,-0.879549905473323,0.340148674820489,2
"756",0,0,0,3,1,-0.214365366512432,0.258193983922404,0.300013054223099,0.700721964432637,-0.0577506718109878,5
"757",1,0,0,1,3,-0.615406136219661,-0.750120832472971,-1.15660421484254,-0.628700390154963,2.42935380225472,2
"758",0,0,0,0,0,0.302866669616307,-0.935327350690086,1.32965000623793,-0.658060611510653,-0.738064360114241,2
"759",1,1,0,1,1,-0.590352502436782,-1.28901515506534,0.350399425607519,-0.815760085532697,0.884464776538072,2
"760",1,1,0,3,3,1.62472193372341,-0.453159608221325,-0.184500338593213,-0.590386487335164,-0.617245169235456,1
"761",1,1,1,3,0,-1.7035284819152,-0.482449952872275,-0.597919472467612,-0.950442756537332,0.0706448818899797,0
"762",0,1,1,1,1,-0.845115180008037,0.763119791236764,-1.21354896601757,2.1394927145849,-0.656726072071115,1
"763",1,1,0,0,2,0.34187999948543,0.064904362724722,-0.375186955600505,-0.750428341379689,0.144483453362939,1
"764",0,0,0,2,2,1.31738354154218,-0.972312439386668,2.22120894438724,-0.267167740321639,-1.08689502273685,8
"765",0,1,0,0,3,0.958692708419156,1.82402792756154,0.805398757393939,1.17700028706934,-1.83452278733996,3
"766",1,0,1,1,3,-0.666598912267032,-0.304844463813042,-1.03263313207817,1.64807807527218,1.48054093178348,0
"767",1,1,0,1,0,-0.941769701713839,-1.49551123167972,0.140095288819551,0.770535412102918,-0.679226367001705,1
"768",1,1,1,0,1,0.150178541720781,0.214891386721362,1.03732246590385,0.996464784503046,0.957140426181489,5
"769",0,0,0,2,2,0.331899132927307,0.85948108507534,-3.00607842713327,1.54224622032184,0.156839857382402,0
"770",0,1,1,1,2,-0.863604057841269,0.139019693519424,-0.451252552780046,-0.661254469495865,-1.45949495990121,1
"771",1,0,1,1,3,-0.454481019042296,0.074201255167975,0.149073499404718,0.616429680492295,-0.262209762364082,1
"772",1,0,1,3,2,-0.785775101995267,0.168866714067658,-0.640584797752506,-0.172026315786038,1.30569448929686,2
"773",1,0,0,1,1,-0.97441466297928,0.339248051815883,-1.59298095861923,0.242324636766001,0.00205419230978038,0
"774",0,1,1,1,3,1.51362627996267,-0.0103447604419366,-1.02387467359174,-0.125282535665298,0.618909424262288,2
"775",0,0,1,2,2,-1.30322632044413,-0.567507134407782,-0.188187024901869,0.721295974737743,0.300387557698732,1
"776",0,1,1,2,0,1.82914733066827,1.12187112600619,0.429595849159289,0.217278349053015,-0.612567132773883,2
"777",0,0,0,2,2,0.0783317151823906,-1.06788946651872,0.85912137489214,-0.0227093421562136,-2.33664112239723,2
"778",1,0,1,1,1,2.05837159358633,0.606801338350216,0.840881067950811,-1.15778593519315,0.092046562674154,2
"779",1,1,1,1,0,-1.27223663942709,-0.691212457760533,0.0561129108286247,-1.32162380718754,0.554843168503657,1
"780",0,1,0,1,0,-1.26414882427462,0.384534480924502,0.623060936156061,-1.32026159373996,-0.373861936002512,0
"781",1,1,1,0,1,-2.29707579285721,0.528085475917115,-1.43955551048923,-0.113321554621521,-2.24338224430568,1
"782",0,1,1,3,0,1.53965700871594,-0.685597260099178,0.667249946920788,0.621283311099636,1.135146721364,6
"783",1,0,1,0,0,-0.486734277269482,-1.10804954029375,0.238351751417287,-1.7501694187827,0.710779525284206,3
"784",0,1,0,2,2,-1.0586610475494,-0.21232408393071,-0.0881265562265815,0.431079418753965,-1.2968361053911,1
"785",0,0,1,0,1,-0.287880477168311,-3.5782760140287,0.331900330091067,-1.2067812799561,-0.525136784465896,3
"786",0,1,0,0,3,-0.660696728386165,2.49968277943633,-0.0823130154569158,0.743850096017794,-0.252281445963872,0
"787",0,0,0,3,0,-1.83334105570629,1.38529060658282,0.899499922255523,0.41641489994805,0.746833084888669,3
"788",0,1,1,3,2,0.875448824996289,-0.405988973272038,0.718351394947148,0.943668819914735,0.403566244292513,8
"789",0,1,1,1,1,-1.90657075495228,0.572693199517644,-1.09400727265431,-1.3405482381047,1.59847530014546,1
"790",1,0,0,2,0,-0.646918105488957,-1.02111564975947,-0.032572548243503,0.504517375266709,0.633670375234712,2
"791",0,0,1,0,0,-0.107329589097183,-2.07800869505096,-0.0390223986086561,-0.828148272933048,-0.278345339796952,0
"792",1,1,0,2,2,0.71852338857981,1.23942061517882,-0.41967911246521,0.747925907764595,-0.366441247609015,1
"793",1,1,0,0,0,0.264431531741746,-0.244736277241852,0.364156234052559,-0.0447747545184087,0.721326389787351,1
"794",0,0,0,0,0,0.422572831446248,-0.700163189157265,0.410763504956451,-1.08876375289533,-2.37060135235877,0
"795",0,0,1,3,0,-0.833784959045191,0.428786851741855,0.734547909442961,-0.799850353921404,-1.29936494054419,1
"796",1,1,0,0,1,-0.0616127223465118,1.13494395998346,-0.968372404841664,-0.095521183413187,1.79971623809075,2
"797",0,1,1,1,3,-0.158191398768999,1.7516674310461,1.8621915762463,-0.485783438935651,-0.0630573465162291,1
"798",0,0,1,0,0,-0.362347166863053,0.158141972080313,0.928246187327041,1.33862115719179,1.44594209660615,2
"799",1,1,0,1,3,1.03744360857241,0.844137999448609,-0.318436198347786,0.653133741941995,0.548601934552689,2
"800",1,1,0,1,3,0.141654429645223,-0.130035868164136,-0.254740794515745,-0.00142284763961985,0.504615783252243,0
